title,link
十一火车票今起开抢,http://www.baidu.com/baidu?cl=3&tn=SE_baiduhomet8_jmjb7mjw&rsv_dl=fyb_top&fr=top1000&wd=%CA%AE%D2%BB%BB%F0%B3%B5%C6%B1%BD%F1%C6%F0%BF%AA%C7%C0
官方回应坍塌遇难者3万安葬费,http://www.baidu.com/baidu?cl=3&tn=SE_baiduhomet8_jmjb7mjw&rsv_dl=fyb_top&fr=top1000&wd=%B9%D9%B7%BD%BB%D8%D3%A6%CC%AE%CB%FA%D3%F6%C4%D1%D5%DF3%CD%F2%B0%B2%D4%E1%B7%D1
张玉环申请国家赔偿2234余万元,http://www.baidu.com/baidu?cl=3&tn=SE_baiduhomet8_jmjb7mjw&rsv_dl=fyb_top&fr=top1000&wd=%D5%C5%D3%F1%BB%B7%C9%EA%C7%EB%B9%FA%BC%D2%C5%E2%B3%A52234%D3%E0%CD%F2%D4%AA
官方通报村民哄抢榴莲食物中毒,http://www.baidu.com/baidu?cl=3&tn=SE_baiduhomet8_jmjb7mjw&rsv_dl=fyb_top&fr=top1000&wd=%B9%D9%B7%BD%CD%A8%B1%A8%B4%E5%C3%F1%BA%E5%C7%C0%C1%F1%C1%AB%CA%B3%CE%EF%D6%D0%B6%BE
刘昊然王俊凯胡先煦同游迪士尼,http://www.baidu.com/baidu?cl=3&tn=SE_baiduhomet8_jmjb7mjw&rsv_dl=fyb_top&fr=top1000&wd=%C1%F5%EA%BB%C8%BB%CD%F5%BF%A1%BF%AD%BA%FA%CF%C8%EC%E3%CD%AC%D3%CE%B5%CF%CA%BF%C4%E1
天津一小区16栋楼住十万个骨灰盒,http://www.baidu.com/baidu?cl=3&tn=SE_baiduhomet8_jmjb7mjw&rsv_dl=fyb_top&fr=top1000&wd=%CC%EC%BD%F2%D2%BB%D0%A1%C7%F816%B6%B0%C2%A5%D7%A1%CA%AE%CD%F2%B8%F6%B9%C7%BB%D2%BA%D0
哈尔滨5岁女童仍未脱离危险,http://www.baidu.com/baidu?cl=3&tn=SE_baiduhomet8_jmjb7mjw&rsv_dl=fyb_top&fr=top1000&wd=%B9%FE%B6%FB%B1%F55%CB%EA%C5%AE%CD%AF%C8%D4%CE%B4%CD%D1%C0%EB%CE%A3%CF%D5
嵩县警方通报男子当街打死前女友,http://www.baidu.com/baidu?cl=3&tn=SE_baiduhomet8_jmjb7mjw&rsv_dl=fyb_top&fr=top1000&wd=%E1%D4%CF%D8%BE%AF%B7%BD%CD%A8%B1%A8%C4%D0%D7%D3%B5%B1%BD%D6%B4%F2%CB%C0%C7%B0%C5%AE%D3%D1
一颗高楼大小行星将飞过地球,http://www.baidu.com/baidu?cl=3&tn=SE_baiduhomet8_jmjb7mjw&rsv_dl=fyb_top&fr=top1000&wd=%D2%BB%BF%C5%B8%DF%C2%A5%B4%F3%D0%A1%D0%D0%D0%C7%BD%AB%B7%C9%B9%FD%B5%D8%C7%F2
52家加盟商起诉麦当劳种族歧视,http://www.baidu.com/baidu?cl=3&tn=SE_baiduhomet8_jmjb7mjw&rsv_dl=fyb_top&fr=top1000&wd=52%BC%D2%BC%D3%C3%CB%C9%CC%C6%F0%CB%DF%C2%F3%B5%B1%C0%CD%D6%D6%D7%E5%C6%E7%CA%D3
