评论者,评论
occupied,午睡梦到想听这首歌，却怎么也想不起名字哈哈。梦里还有听七里香，睡醒了就开听啦
第一次告白🧡,“天青色等烟雨，而我在等你.”
余生浅末,注定还有个更适合的人来陪伴你
LOVE,好青
积极进步好青年,魅族加油
佐藤智子,(我会在杰伦很多歌下说这些)我真心希望，评论区在提到00后时，少数80，90后可以放下自己对00后的偏见和自己有些微妙的优越感，我04年的 但是我也非常喜欢周杰伦，希望大家可以别整天00后不配喜欢周杰伦什么的，这样真的会让00后歌迷寒心的！
稀饭婉清a.,色白花青的锦鲤跃然于碗底 临摹宋体落款时却惦记着你
伊利味的蒙牛,"天青色等烟雨，而我在等你，
魅族17 pro天青配色，美爆，
祝17大卖"
想要星星.,"而我路过那江南小镇惹了你~
月色被打捞起晕开了结局…
"
ㅤ,"而我路过那江南小镇惹了你~
月色被打捞起晕开了结局…
"
Curitis.,打卡
CP,我最喜欢周杰伦的歌
兔子味六月,小时候不懂，现在越看词越觉得美
想要星星.,"旋律太好了！
词也很温柔~"
想要星星.,"盛世繁华，终不过一捧黄沙。
你曾许我风流佳话，
也曾共我观赏锦绣繁花，
不过朝权低下，
空有一腔绝代风华。"
想要星星.,"而我路过那江南小镇惹了你~
月色被打捞起晕开了结局…
"
污师,(我会在杰伦很多歌下说这些)我真心希望，评论区在提到00后时，少数80，90后可以放下自己对00后的偏见和自己有些微妙的优越感，我04年的 但是我也非常喜欢周杰伦，希望大家可以别整天00后不配喜欢周杰伦什么的，这样真的会让00后歌迷寒心的！
,太好听   百听不厌：
边伟康,精选招牌歌里面听歌没有vip限制吗？
麦麦,钟兴民的编曲真的美[em]e400848[/em]
V—皇武.,景德镇，瓷器之镇
天青烟雨,素胚勾勒出青花笔锋浓转淡，瓶身描绘的牡丹一如你初妆，天青色在等烟雨，而我却在等你……你是否因为周杰伦的这首歌而总觉得景德镇这三个字是下着雨的。
天青烟雨,素胚勾勒出青花笔锋浓转淡，瓶身描绘的牡丹一如你初妆，天青色在等烟雨，而我却在等你……你是否因为周杰伦的这首歌而总觉得景德镇这三个字是下着雨的。
天青烟雨,素胚勾勒出青花笔锋浓转淡，瓶身描绘的牡丹一如你初妆，天青色在等烟雨，而我却在等你……你是否因为周杰伦的这首歌而总觉得景德镇这三个字是下着雨的。
不闻,纵使青史成灰，纵然万籁俱寂，而你，有我爱你。
Jay,青花瓷
贝勒爷,一天水门和柱间一起喝酒，水门问柱间：你这么叼没开挂吧？柱间：没有，老子要是开挂下辈子做你儿子然后父母双亡一辈子做个开挂的孤儿。然后鸣人出生了……
心上尧🌸,(我会在杰伦很多歌下说这些)我真心希望，评论区在提到00后时，少数80，90后可以放下自己对00后的偏见和自己有些微妙的优越感，我04年的 但是我也非常喜欢周杰伦，希望大家可以别整天00后不配喜欢周杰伦什么的，这样真的会让00后歌迷寒心的！
旧城以西,听了好多年了
　　　　　,(我会在杰伦很多歌下说这些)我真心希望，评论区在提到00后时，少数80，90后可以放下自己对00后的偏见和自己有些微妙的优越感，我04年的 但是我也非常喜欢周杰伦，希望大家可以别整天00后不配喜欢周杰伦什么的，这样真的会让00后歌迷寒心的！
天空の城,这是我最喜欢的周杰伦的歌
雁撞墙,(我会在杰伦很多歌下说这些)我真心希望，评论区在提到00后时，少数80，90后可以放下自己对00后的偏见和自己有些微妙的优越感，我04年的 但是我也非常喜欢周杰伦，希望大家可以别整天00后不配喜欢周杰伦什么的，这样真的会让00后歌迷寒心的！
青春住了誰,(我会在杰伦很多歌下说这些)我真心希望，评论区在提到00后时，少数80，90后可以放下自己对00后的偏见和自己有些微妙的优越感，我04年的 但是我也非常喜欢周杰伦，希望大家可以别整天00后不配喜欢周杰伦什么的，这样真的会让00后歌迷寒心的！
信仰,这旋律太美了，让人放松
没有,我猜你们一定是王卡抢到的绿钻特意来听的（我也是滑稽）
没有,我猜你们一定是王卡抢到的绿钻特意来听的（我也是滑稽）
.,(我会在杰伦很多歌下说这些)我真心希望，评论区在提到00后时，少数80，90后可以放下自己对00后的偏见和自己有些微妙的优越感，我04年的 但是我也非常喜欢周杰伦，希望大家可以别整天00后不配喜欢周杰伦什么的，这样真的会让00后歌迷寒心的！
......,基本什么歌都收费，让我原本不富裕的家庭雪上加霜[em]e400837[/em][em]e400837[/em][em]e400837[/em]
湖人不拿冠军不改名,方文山nb
simple.,nb
🎸🤟🏻BEYOND🇨🇳,记得四年级全市通考核心素养，有道题问“天青色等烟雨，而我在等你”出自什么歌曲，底下选项就有东风破和青花瓷，还有两个忘了，导致我整次考试，脑袋里单曲循环青花瓷，然后就没考好
橙子🍊,来了
橙子🍊,来了
负者歌于途,天青色等烟雨，而我在等你
WiFi,(我会在杰伦很多歌下说这些)我真心希望，评论区在提到00后时，少数80，90后可以放下自己对00后的偏见和自己有些微妙的优越感，我04年的 但是我也非常喜欢周杰伦，希望大家可以别整天00后不配喜欢周杰伦什么的，这样真的会让00后歌迷寒心的！
月清梨白绝不挂科！,圆伦的歌一定要支持！VIP一点都不怕！
若.水如金,这是我心里中国风的NO.1，然后才是《东风破》
化蝶.筑梦,....太美了，美得凄凉，一见难忘...
璀影,没钱的我买了10首歌
小小晓,我的高中时代
别找我麻烦,(我会在杰伦很多歌下说这些)我真心希望，评论区在提到00后时，少数80，90后可以放下自己对00后的偏见和自己有些微妙的优越感，我04年的 但是我也非常喜欢周杰伦，希望大家可以别整天00后不配喜欢周杰伦什么的，这样真的会让00后歌迷寒心的！
崔磊,就是贱到家的记得唧唧的记得快点快点记得积极点多旧世界觉得记得记得记得积极虚假的记得记得就是解决的见识见识
习惯性，依赖,(我会在杰伦很多歌下说这些)我真心希望，评论区在提到00后时，少数80，90后可以放下自己对00后的偏见和自己有些微妙的优越感，我04年的 但是我也非常喜欢周杰伦，希望大家可以别整天00后不配喜欢周杰伦什么的，这样真的会让00后歌迷寒心的！
习惯性，依赖,(我会在杰伦很多歌下说这些)我真心希望，评论区在提到00后时，少数80，90后可以放下自己对00后的偏见和自己有些微妙的优越感，我04年的 但是我也非常喜欢周杰伦，希望大家可以别整天00后不配喜欢周杰伦什么的，这样真的会让00后歌迷寒心的！
习惯性，依赖,(我会在杰伦很多歌下说这些)我真心希望，评论区在提到00后时，少数80，90后可以放下自己对00后的偏见和自己有些微妙的优越感，我04年的 但是我也非常喜欢周杰伦，希望大家可以别整天00后不配喜欢周杰伦什么的，这样真的会让00后歌迷寒心的！
习惯性，依赖,(我会在杰伦很多歌下说这些)我真心希望，评论区在提到00后时，少数80，90后可以放下自己对00后的偏见和自己有些微妙的优越感，我04年的 但是我也非常喜欢周杰伦，希望大家可以别整天00后不配喜欢周杰伦什么的，这样真的会让00后歌迷寒心的！
W。先生,评论区在提到00后时，少数80，90后可以放下自己对00后的偏见和自己有些微妙的优越感，
再见2741994806,我。。[em]e400862[/em]3点多醒了，手机都没电了还在放着歌，正好到了青花瓷[em]e400824[/em]
临冬一梦,在这疯狂宇宙中，只有这首歌才能不被八千万所掀翻
偏执像风 .,以前我有个mp3买来的时候里面就只有这首歌、《青花瓷》由于家是乡下的没有电脑下载，我足足听了一个暑假。现在想起来满满都是回忆…却再也回不去了…时间从来不语，却回答了所有问题
$an• _ ~＊,方文山真的是好有才气的一个人。。。[em]e400835[/em][em]e400835[/em][em]e400835[/em]
$an• _ ~＊,(我会在杰伦很多歌下说这些)我真心希望，评论区在提到00后时，少数80，90后可以放下自己对00后的偏见和自己有些微妙的优越感，我04年的 但是我也非常喜欢周杰伦，希望大家可以别整天00后不配喜欢周杰伦什么的，这样真的会让00后歌迷寒心的！
℡在水一方,传世的青花瓷，始于胎土上淘炼出的精致；陷于素胚上勾勒出的浓意；痴于瓶身上描绘出的细腻；醉于釉色上渲染出的甜蜜；忠于瓶底上书写出的飘逸。不早一步亦不会晚一时，于茫茫人海中，“天青色等烟雨，而我在等你”。
南墙花开,还有人听这首歌吗？
南墙花开,“就当我为遇见你伏笔”
.,“就当我遇见你为伏笔.”
小小钗乖乖.,“就当我遇见你为伏笔.”
.,“就当我遇见你为伏笔.”
.,天青色是无法自己形成的，古人无法改变湿度，所以在青瓷出炉的那一瞬必须是烟雨天，釉色才会渐变成梦幻般的天青色。因此雨过天晴的瓷器极为珍惜。天青色对烟雨的等待，是对完整生命的渴望和肯定。我等你亦如天青色等烟雨。
昊天漫香,(我会在杰伦很多歌下说这些)我真心希望，评论区在提到00后时，少数80，90后可以放下自己对00后的偏见和自己有些微妙的优越感，我04年的 但是我也非常喜欢周杰伦，希望大家可以别整天00后不配喜欢周杰伦什么的，这样真的会让00后歌迷寒心的！
将你归还人海,天青色等烟雨 而我在等你
晴天,(我会在杰伦很多歌下说这些)我真心希望，评论区在提到00后时，少数80，90后可以放下自己对00后的偏见和自己有些微妙的优越感，我04年的 但是我也非常喜欢周杰伦，希望大家可以别整天00后不配喜欢周杰伦什么的，这样真的会让00后歌迷寒心的！
常温的,很神奇 周杰伦的歌 某一天某一个时间就特别想听这段旋律 魔力
小小钗乖乖.,“就当我遇见你为伏笔.”
寒枫,(我会在杰伦很多歌下说这些)我真心希望，评论区在提到00后时，少数80，90后可以放下自己对00后的偏见和自己有些微妙的优越感，我04年的 但是我也非常喜欢周杰伦，希望大家可以别整天00后不配喜欢周杰伦什么的，这样真的会让00后歌迷寒心的！
究极风怒24k纯金猎🐴人,(我会在杰伦很多歌下说这些)我真心希望，评论区在提到00后时，少数80，90后可以放下自己对00后的偏见和自己有些微妙的优越感，我04年的 但是我也非常喜欢周杰伦，希望大家可以别整天00后不配喜欢周杰伦什么的，这样真的会让00后歌迷寒心的！
隺🐤,(我会在杰伦很多歌下说这些)我真心希望，评论区在提到00后时，少数80，90后可以放下自己对00后的偏见和自己有些微妙的优越感，我04年的 但是我也非常喜欢周杰伦，希望大家可以别整天00后不配喜欢周杰伦什么的，这样真的会让00后歌迷寒心的！
储QY,厉害
　　　　　,可以的好听
多重人格♀,百听不厌
多重人格♀,很好听啊
柠*檬～,方文山的词太美了
熊啸龙,还要搞会员，坑比
熊啸龙,周杰伦就这首歌好听，没得毛病
可爱小新,爱圈圈100分
楠,(我会在杰伦很多歌下说这些)我真心希望，评论区在提到00后时，少数80，90后可以放下自己对00后的偏见和自己有些微妙的优越感，我04年的 但是我也非常喜欢周杰伦，希望大家可以别整天00后不配喜欢周杰伦什么的，这样真的会让00后歌迷寒心的！
无涯,第一次在电视上听到这首歌的时候，大概只有七八岁的，就被旋律深深吸引，长大后知道这首歌叫青花瓷，也知道了天青色等烟雨，而我在等你。不管过多久再听这首歌，依然会觉得好听
宫上语彤,(我会在杰伦很多歌下说这些)我真心希望，评论区在提到00后时，少数80，90后可以放下自己对00后的偏见和自己有些微妙的优越感，我04年的 但是我也非常喜欢周杰伦，希望大家可以别整天00后不配喜欢周杰伦什么的，这样真的会让00后歌迷寒心的！
九十与她,。
小爷帅哥❤,好听
一帆风,天青色等烟雨，而我在等你
酷阳,能不能不男不女宝宝你爸爸你爸爸你把你爸爸你爸爸呢巴巴爸爸你爸爸你爸爸
＆入你眼眸へ,天青色是无法自己形成的，古人无法改变湿度，所以在青瓷出炉的那一瞬必须是烟雨天，釉色才会渐变成梦幻般的天青色。因此雨过天晴的瓷器极为珍惜。天青色对烟雨的等待，是对完整生命的渴望和肯定。我等你亦如天青色等烟雨。
ˇ欲′鋙,听了一段肖战的歌过来洗耳朵…还是奶茶伦的歌好听
帆布,九年前，那时候我们高一，记得你mp3里面听的最多的就是这首歌，不知道当时我哪来的勇气向你表白，在一起七年，而现在，我们都有了各自的家！
.,天青色是无法自己形成的，古人无法改变湿度，所以在青瓷出炉的那一瞬必须是烟雨天，釉色才会渐变成梦幻般的天青色。因此雨过天晴的瓷器极为珍惜。天青色对烟雨的等待，是对完整生命的渴望和肯定。我等你亦如天青色等烟雨。
拾玖,青花瓷是我小学五年级开始听的，当时六一儿童节，隔壁班在编这首歌的舞蹈，然后上课时这首歌传来，听着听着就哼起来走神了，现在已经大一了
我很忙,青花瓷是我小学五年级开始听的，当时六一儿童节，隔壁班在编这首歌的舞蹈，然后上课时这首歌传来，听着听着就哼起来走神了，现在已经大一了
小太阳,(我会在杰伦很多歌下说这些)我真心希望，评论区在提到00后时，少数80，90后可以放下自己对00后的偏见和自己有些微妙的优越感，我04年的 但是我也非常喜欢周杰伦，希望大家可以别整天00后不配喜欢周杰伦什么的，这样真的会让00后歌迷寒心的！
胖西西,晚安等你
活下去,这首歌能红到地球毁灭那一刻
亖㐅罒乄,"盛世繁华，终不过一捧黄沙。
你曾许我风流佳话，
也曾共我观赏锦绣繁花，
不过朝权低下，
空有一腔绝代风华。"
煜栀,第一次听青花瓷时，我还在上幼儿园，当时只觉得这个歌旋律很好听，现在听真的觉得周杰伦是什么神仙，在那个年代还能写出这么厉害的词，现在才能品出曲中词句的精妙。
aperson,最近一直单曲循环循环循环循环循环循环循环循环循环循环循环循环循环循环循环循环循环循环循环循环循环
枺,(我会在杰伦很多歌下说这些)我真心希望，评论区在提到00后时，少数80，90后可以放下自己对00后的偏见和自己有些微妙的优越感，我04年的 但是我也非常喜欢周杰伦，希望大家可以别整天00后不配喜欢周杰伦什么的，这样真的会让00后歌迷寒心的！
小阎王,(我会在杰伦很多歌下说这些)我真心希望，评论区在提到00后时，少数80，90后可以放下自己对00后的偏见和自己有些微妙的优越感，我04年的 但是我也非常喜欢周杰伦，希望大家可以别整天00后不配喜欢周杰伦什么的，这样真的会让00后歌迷寒心的！
星月之樱,天青色等烟雨，而我在等你。
盐水屋,上小学的时候最喜欢的歌[em]e400823[/em][em]e400823[/em][em]e400823[/em]
小楠同學,"素胚勾勒出青花笔锋浓转淡
瓶身描绘的牡丹一如你初妆
冉冉檀香透过窗心事我了然
宣纸上走笔至此搁一半
釉色渲染仕女图韵味被私藏
而你嫣然的一笑如含苞待放
你的美一缕飘散
去到我去不了的地方"
上善若水,爷也是绿钻用户了
尼古丁,一天要来听十几次
骚⁡ 泰,vip[em]e400867[/em]
lily,“天青色等烟雨，而我在等你.”
lily,(我会在杰伦很多歌下说这些)我真心希望，评论区在提到00后时，少数80，90后可以放下自己对00后的偏见和自己有些微妙的优越感，我04年的 但是我也非常喜欢周杰伦，希望大家可以别整天00后不配喜欢周杰伦什么的，这样真的会让00后歌迷寒心的！
ㅤㅤㅤ,(我会在杰伦很多歌下说这些)我真心希望，评论区在提到00后时，少数80，90后可以放下自己对00后的偏见和自己有些微妙的优越感，我04年的 但是我也非常喜欢周杰伦，希望大家可以别整天00后不配喜欢周杰伦什么的，这样真的会让00后歌迷寒心的！
艾门百思特,哈哈哈哈哈哈哈哈哈哈哈
艾门百思特,周杰伦演唱会门票白拿到了一个人的时候我
艾门百思特,周杰伦零零落落零零落落零零落落来了
闭上眼都是浮云,“天青色等烟雨，而我在等你.
18,(我会在杰伦很多歌下说这些)我真心希望，评论区在提到00后时，少数80，90后可以放下自己对00后的偏见和自己有些微妙的优越感，我04年的 但是我也非常喜欢周杰伦，希望大家可以别整天00后不配喜欢周杰伦什么的，这样真的会让00后歌迷寒心的！
being,天青色等艳遇，而我在等你。十世轮回皆错过又如何，我还会等着下一世，终有一世你会知道我一直在等你
好就好了,小雨湿未透，频繁忆残烛后，\n错因旧梦醉新酒。\n天青瓷上釉，清签细笔写红豆，\n还描成同心蔻。
已錯過的時間,(我会在杰伦很多歌下说这些)我真心希望，评论区在提到00后时，少数80，90后可以放下自己对00后的偏见和自己有些微妙的优越感，我04年的 但是我也非常喜欢周杰伦，希望大家可以别整天00后不配喜欢周杰伦什么的，这样真的会让00后歌迷寒心的！
Ruiv,天青色等艳遇，而我在等你。十世轮回皆错过又如何，我还会等着下一世，终有一世你会知道我一直在等你
End,(我会在杰伦很多歌下说这些)我真心希望，评论区在提到00后时，少数80，90后可以放下自己对00后的偏见和自己有些微妙的优越感，我04年的 但是我也非常喜欢周杰伦，希望大家可以别整天00后不配喜欢周杰伦什么的，这样真的会让00后歌迷寒心的！
I think I've seen you somewhere,(我会在杰伦很多歌下说这些)我真心希望，评论区在提到00后时，少数80，90后可以放下自己对00后的偏见和自己有些微妙的优越感，我04年的 但是我也非常喜欢周杰伦，希望大家可以别整天00后不配喜欢周杰伦什么的，这样真的会让00后歌迷寒心的！
 桁铃,(我会在杰伦很多歌下说这些)我真心希望，评论区在提到00后时，少数80，90后可以放下自己对00后的偏见和自己有些微妙的优越感，我04年的 但是我也非常喜欢周杰伦，希望大家可以别整天00后不配喜欢周杰伦什么的，这样真的会让00后歌迷寒心的！
我落泪情绪零碎,要钱，所以我自己学会唱了
',就当我为遇见你伏笔
停云☁️,绝美
Ä白云青霭Ä,周杰伦是国民党
砂時計,周杰伦是国民党
日落孤城,天青色等烟雨而我在等你，炊烟寥寥升起，隔江千万里。希望我此生有幸，可以找到与我志同道合的那个人。看淡每一次的不辞而别，珍惜每一次的不期而遇。太阳永远会照亮你前行的路，给你带来温暖，与你共度此生。
.,(我会在杰伦很多歌下说这些)我真心希望，评论区在提到00后时，少数80，90后可以放下自己对00后的偏见和自己有些微妙的优越感，我04年的 但是我也非常喜欢周杰伦，希望大家可以别整天00后不配喜欢周杰伦什么的，这样真的会让00后歌迷寒心的！
A0  李响,(我会在杰伦很多歌下说这些)我真心希望，评论区在提到00后时，少数80，90后可以放下自己对00后的偏见和自己有些微妙的优越感，我04年的 但是我也非常喜欢周杰伦，希望大家可以别整天00后不
释迦摩🍁,(我会在杰伦很多歌下说这些)我真心希望，评论区在提到00后时，少数80，90后可以放下自己对00后的偏见和自己有些微妙的优越感，我04年的 但是我也非常喜欢周杰伦，希望大家可以别整天00后不配喜欢周杰伦什么的，这样真的会让00后歌迷寒心的！
ST-M藤原拓海,(我会在杰伦很多歌下说这些)我真心希望，评论区在提到00后时，少数80，90后可以放下自己对00后的偏见和自己有些微妙的优越感，我04年的 但是我也非常喜欢周杰伦，希望大家可以别整天00后不配喜欢周杰伦什么的，这样真的会让00后歌迷寒心的！
٩车神۶༄,走笔一半而止 \n窥见你笑意嫣然 \n遂搁于砚 \n\n但以山水工笔 \n青花釉上彩 \n难绘你
罒灬心瘾丷乀,好久好久家家户户酒精和经济健康金碧辉煌家居摆件看看吧v白金汉宫不可靠兵华
偶尔也会逗逗时光,66
偶尔也会逗逗时光,周杰伦是国民党
新川泽野,神仙嗓音
老土,其实特别佩服一家酒企，迅速出了“青花瓷”的款。卖的很好。
11卍,好有意象，好听
雪溶留心,(我会在杰伦很多歌下说这些)我真心希望，评论区在提到00后时，少数80，90后可以放下自己对00后的偏见和自己有些微妙的优越感，我04年的 但是我也非常喜欢周杰伦，希望大家可以别整天00后不配喜欢周杰伦什么的，这样真的会让00后歌迷寒心的！
人呢,阿根廷有梅西，巴西有罗尼[em]e400851[/em]
人呢,周杰伦是国民党
happy ～蒙,小时不知曲中意，再听已是曲中人
带专生,要钱，所以我自己学会唱了
清醒的人最荒唐,要钱，所以我自己学会唱了
神明,周杰伦的歌真的有一种神奇的魔力 当旋律响起的那个瞬间 你的思绪会把你拽回你最美好的学生时代 你最爱的伙伴 最爱的校园 还有情窦初开时 最爱的那个人
雅俗共赏,周杰伦是国民党
iamanna,(我会在杰伦很多歌下说这些)我真心希望，评论区在提到00后时，少数80，90后可以放下自己对00后的偏见和自己有些微妙的优越感，我04年的 但是我也非常喜欢周杰伦，希望大家可以别整天00后不配喜欢周杰伦什么的，这样真的会让00后歌迷寒心的！
少羽VW,周杰伦是国民党
FJ×,(我会在杰伦很多歌下说这些)我真心希望，评论区在提到00后时，少数80，90后可以放下自己对00后的偏见和自己有些微妙的优越感，我04年的 但是我也非常喜欢周杰伦，希望大家可以别整天00后不配喜欢周杰伦什么的，这样真的会让00后歌迷寒心的！
讠冫,这首歌就不用我推荐了吧。熟悉的弦律伴随了太多人的童年和青春。“天青色等烟雨，而我在等你……”
孤丑奇笑,还有人听这首歌吗？
小白😊,(我会在杰伦很多歌下说这些)我真心希望，评论区在提到00后时，少数80，90后可以放下自己对00后的偏见和自己有些微妙的优越感，我04年的 但是我也非常喜欢周杰伦，希望大家可以别整天00后不配喜欢周杰伦什么的，这样真的会让00后歌迷寒心的！
成风の魄浪,青花瓷
李袁康,(我会在杰伦很多歌下说这些)我真心希望，评论区在提到00后时，少数80，90后可以放下自己对00后的偏见和自己有些微妙的优越感，我04年的 但是我也非常喜欢周杰伦，希望大家可以别整天00后不配喜欢周杰伦什么的，这样真的会让00后歌迷寒心的！咿呀咿呀哟咿呀咿呀哟咿呀咿呀哟咿呀咿呀哟咿呀咿呀哟咿呀咿呀哟也一样
格哩,初遇三惹
格哩,绝了
九千万少女的梦,(我会在杰伦很多歌下说这些)我真心希望，评论区在提到00后时，少数80，90后可以放下自己对00后的偏见和自己有些微妙的优越感。
Zackery.解,很小的时候我就在听杰伦的歌了。有多小呢，当时杰伦的歌还不收费呢[em]e400343[/em]
赵尼玛。,"你的美，耐人去寻味
便是嵌入寂静深夜，人亦难寐
你的笑，无人能忘掉
便是越过万里烟波，依旧明曜

我眼前的你
婷婷玉立
在我的思绪里
渐渐隐去
其实你也知道
我等待的"
卍解！天锁斩月,啧啧啧，曲和词完美融合，不愧为才子周杰伦、词圣方文山
卍解！天锁斩月,很难想象，周杰伦和方文山有多么寂寞
冯宝宝.,(我会在杰伦很多歌下说这些)我真心希望，评论区在提到00后时，少数80，90后可以放下自己对00后的偏见和自己有些微妙的优越感，我04年的 但是我也非常喜欢周杰伦，希望大家可以别整天00后不配喜欢周杰伦什么的，这样真的会让00后歌迷寒心的！
巴萨罗那,阿根廷有梅西，巴西有罗尼[em]e400851[/em]
半岛铁盒,(我会在杰伦很多歌下说这些)我真心希望，评论区在提到00后时，少数80，90后可以放下自己对00后的偏见和自己有些微妙的优越感，我04年的 但是我也非常喜欢周杰伦，希望大家可以别整天00后不配喜欢周杰伦什么的，这样真的会让00后歌迷寒心的！
空城,4年前你第一次带我听这个歌，我便爱上这首歌4年后你我都不在联系，我想你了
清风惋惜,哦买嘎，没vip了[em]e400824[/em][em]e400824[/em]
ℳ叔叔,(我会在杰伦很多歌下说这些)我真心希望，评论区在提到00后时，少数80，90后可以放下自己对00后的偏见和自己有些微妙的优越感，我04年的 但是我也非常喜欢周杰伦，希望大家可以别整天00后不配喜欢周杰伦什么的，这样真的会让00后歌迷寒心的！
✘逍遥……,该评论已经被删除
✘逍遥……,该评论已经被删除
✘逍遥……,该评论已经被删除
【这里有瑜】楼司令,好好用电脑上的游戏中我可以用这个世界记录保持者为大家推荐一下我最讨厌了……不过现在还是有点想说一句话
二拾陆,"初中英语考试
写完试卷后在试卷上默写这首歌歌词
被老师发现了
还以为我在作弊
现在想想
那些悠闲快乐时光都一去不复返了"
寄予清风。,纠结伦哭了吗丁啉来就一起去后宫群饿鬼哦哦工资五一桌姑姑他不WOW土豚恶徒YY
停云☁️,绝美
江晚正愁余,最最最喜欢的歌，真是百听不厌啊！
喵内嘎,(我会在杰伦很多歌下说这些)我真心希望，评论区在提到00后时，少数80，90后可以放下自己对00后的偏见和自己有些微妙的优越感，我04年的 但是我也非常喜欢周杰伦，希望大家可以别整天00后不配喜欢周杰伦什么的，这样真的会让00后歌迷寒心的！
Nightmares,(我会在杰伦很多歌下说这些)我真心希望，评论区在提到00后时，少数80，90后可以放下自己对00后的偏见和自己有些微妙的优越感，我04年的 但是我也非常喜欢周杰伦，希望大家可以别整天00后不配喜欢周杰伦什么的，这样真的会让00后歌迷寒心的！
成风の魄浪,青花瓷
Enchanted   ⃒⃘⃤,(我会在杰伦很多歌下说这些)我真心希望，评论区在提到00后时，少数80，90后可以放下自己对00后的偏见和自己有些微妙的优越感，我04年的 但是我也非常喜欢周杰伦，希望大家可以别整天00后不配喜欢周杰伦什么的，这样真的会让00后歌迷寒心的！
[Steady],记得在我小的时候，家里的DVD，CD盘上面就有这首歌，也有十年了，哎，越听越殇
　󠀀󠀀󠀀󠀀,刚听到高潮，结果他非要会员[em]e400104[/em]
小唯,最喜欢的一首
倾世乐章,个人认为完美的一首歌
Hyo míng,08年还在用mp3听这首歌
妖狐冕下,(我会在杰伦很多歌下说这些)我真心希望，评论区在提到00后时，少数80，90后可以放下自己对00后的偏见和自己有些微妙的优越感，我04年的 但是我也非常喜欢周杰伦，希望大家可以别整天00后不配喜欢周杰伦什么的，这样真的会让00后歌迷寒心的！
鱼虾一整碗,(我会在杰伦很多歌下说这些)我真心希望，评论区在提到00后时，少数80，90后可以放下自己对00后的偏见和自己有些微妙的优越感，我04年的 但是我也非常喜欢周杰伦，希望大家可以别整天00后不配喜欢周杰伦什么的，这样真的会让00后歌迷寒心的！
点绛唇,每次听这首歌  都有一种绵长悠扬的感觉 很舒服很平静
battle myth,(我会在杰伦很多歌下说这些)我真心希望，评论区在提到00后时，少数80，90后可以放下自己对00后的偏见和自己有些微妙的优越感，我04年的 但是我也非常喜欢周杰伦，希望大家可以别整天00后不配喜欢周杰伦什么的，这样真的会让00后歌迷寒心的！
清风,学会了这首歌，本来想唱给你听的，可惜你早已离我而去
okyours,长大了才听懂曲里的故事。
名字什么都是浮云,就当我为遇见你伏笔
华语第一人周杰伦,天青色等烟雨 而我在等你
不老岁月,坑死我了，还要付费。
小白,"初听不知曲中意，再听已是VIP
曲终人散梦已醒，必歌已是收费曲
我发现只要是周董的歌，不是没版权就是VIP,唉，穷，太难了"
蓝天碧水,据哦地铁反反复复超级蜂巢剧场将房产纠纷西滑封村肌肤刺激复习就复习就出现纠纷超级超级超级复习就发现肌肤长卷发粗发
802.,周杰伦的这首《青花瓷》太好听了，每次当心情烦躁的时候听一听这首歌心情就莫名好了许多
世界上最强星球战队,(我会在杰伦很多歌下说这些)我真心希望，评论区在提到00后时，少数80，90后可以放下自己对00后的偏见和自己有些微妙的优越感，我04年的 但是我也非常喜欢周杰伦，希望大家可以别整天00后不配喜欢周杰伦什么的，这样真的会让00后歌迷寒心的！
🌘,(我会在杰伦很多歌下说这些)我真心希望，评论区在提到00后时，少数80，90后可以放下自己对00后的偏见和自己有些微妙的优越感，我04年的 但是我也非常喜欢周杰伦，希望大家可以别整天00后不配喜欢周杰伦什么的，这样真的会让00后歌迷寒心的！
。。。,不得不说这首歌的歌词真的好
肖小叶🌿,“天青色等烟雨，而我在等你”[em]e401137[/em]
见风,(我会在杰伦很多歌下说这些)我真心希望，评论区在提到00后时，少数80，90后可以放下自己对00后的偏见和自己有些微妙的优越感，我04年的 但是我也非常喜欢周杰伦，希望大家可以别整天00后不配喜欢周杰伦什么的，这样真的会让00后歌迷寒心的！
Janeite,紅 土 [em]e400133[/em] 《中美》
゜OrαNgё.,(我会在杰伦很多歌下说这些)我真心希望，评论区在提到00后时，少数80，90后可以放下自己对00后的偏见和自己有些微妙的优越感，我04年的 但是我也非常喜欢周杰伦，希望大家可以别整天00后不配喜欢周杰伦什么的，这样真的会让00后歌迷寒心的！
夏宏,恐怕听亡
起起落落,方文山的文采
垂涎自由,(我会在杰伦很多歌下说这些)我真心希望，评论区在提到00后时，少数80，90后可以放下自己对00后的偏见和自己有些微妙的优越感，我04年的 但是我也非常喜欢周杰伦，希望大家可以别整天00后不配喜欢周杰伦什么的，这样真的会让00后歌迷寒心的！
 猫奴,心中周杰伦歌里的top1
未来可期,心情不好的时候，听一听，洗涤心灵
星星碎了.,(我会在杰伦很多歌下说这些)我真心希望，评论区在提到00后时，少数80，90后可以放下自己对00后的偏见和自己有些微妙的优越感，我04年的 但是我也非常喜欢周杰伦，希望大家可以别整天00后不配喜欢周杰伦什么的，这样真的会让00后歌迷寒心的！
Swoboda,(我会在杰伦很多歌下说这些)我真心希望，评论区在提到00后时，少数80，90后可以放下自己对00后的偏见和自己有些微妙的优越感，我04年的 但是我也非常喜欢周杰伦，希望大家可以别整天00后不配喜欢周杰伦什么的，这样真的会让00后歌迷寒心的！
8.27 9.26,(我会在杰伦很多歌下说这些)我真心希望，评论区在提到00后时，少数80，90后可以放下自己对00后的偏见和自己有些微妙的优越感，我04年的 但是我也非常喜欢周杰伦，希望大家可以别整天00后不配喜欢周杰伦什么的，这样真的会让00后歌迷寒心的！
T·E·O王阔【室内设计】🦖,我会在杰伦很多歌下说这些)我真心希望，评论区在提到00后时，少数80，90后可以放下自己对00后的偏见和自己有些微妙的优越感，我04年的 但是我也非常喜欢周杰伦，希望大家可以别整天00后不配喜欢周杰伦什么的，这样真的会让00后歌迷寒心的！
❀嗷嗷的,我年少已登顶，往后余生定会坦荡天地皆知～
J*^_^*J,尼玛这歌词太牛逼了
灵叔的风,而我路过江南小镇买了vip
Kraye,(我会在杰伦很多歌下说这些)我真心希望，评论区在提到00后时，少数80，90后可以放下自己对00后的偏见和自己有些微妙的优越感，我04年的 但是我也非常喜欢周杰伦，希望大家可以别整天00后不配喜欢周杰伦什么的，这样真的会让00后歌迷寒心的！
momo,(我会在杰伦很多歌下说这些)我真心希望，评论区在提到00后时，少数80，90后可以放下自己对00后的偏见和自己有些微妙的优越感，我04年的 但是我也非常喜欢周杰伦，希望大家可以别整天00后不配喜欢周杰伦什么的，这样真的会让00后歌迷寒心的！
高峰,而我路过江南小镇买了vip
JHQ,"小雨湿未透，频繁忆残烛后，
错因旧梦醉新酒。
天青瓷上釉，清签细笔写红豆，
还描成同心蔻。"
·,青花瓷，勾勒着流苏，白片清韵。千年淡雅，翠袖白绫，夹杂着清寒的声韵。流光篆青，扫尽了尘埃。在江南的烟雨下，惊鸿一瞥的迹遇，低眉淡然。青花瓷旁，见你如初。
Mua~梦梦,我会在杰伦很多歌下说这些)我真心希望，评论区在提到00后时，少数80，90后可以放下自己对00后的偏见和自己有些微妙的优越感，我04年的 但是我也非常喜欢周杰伦，希望大家可以别整天00后不配喜欢周杰伦什么的，这样真的会让00后歌迷寒心的！
草莓味的夏天,(我会在杰伦很多歌下说这些)我真心希望，评论区在提到00后时，少数80，90后可以放下自己对00后的偏见和自己有些微妙的优越感，我04年的 但是我也非常喜欢周杰伦，希望大家可以别整天00后不配喜欢周杰伦什么的，这样真的会让00后歌迷寒心的！
袁秀梅,只是要会员
袁秀梅,很好听的
昨天是历史Jay,05粉丝报告[em]e401115[/em][em]e401115[/em][em]e400408[/em]比那个鸡你太美好听太多
园游会约好一起逛🙌,一直都觉得这词真的是美死了
敢敢,要钱了，听不完整
Jeremy,"周总唱的
你隐藏在黑窑晓里，千年的秘密。。。
歌词是
你影藏在窑烧里千年的秘密。。"
H&J,(我会在杰伦很多歌下说这些)我真心希望，评论区在提到00后时，少数80，90后可以放下自己对00后的偏见和自己有些微妙的优越感，我04年的 但是我也非常喜欢周杰伦，希望大家可以别整天00后不配喜欢周杰伦什么的，这样真的会让00后歌迷寒心的！
浅º,还是一如既往的好听
　　　k,天青色等烟雨，而我在等你
爱笑的孩子运气不会差,"小雨湿未透，频繁忆残烛后，
错因旧梦醉新酒。
天青瓷上釉，清签细笔写红豆，
还描成同心蔻。"
百事,年少的时光啊回不去了[em]e400867[/em]
Glossov7r江,特意为你而来
JiuC,这周杰伦是何方神圣 什么风格都会唱 还特么都唱得好
风花入眼藏,这周杰伦是何方神圣 什么风格都会唱 还特么都唱得好
风花入眼藏,这周杰伦是何方神圣 什么风格都会唱 还特么都唱得好
JiuC,这周杰伦是何方神圣 什么风格都会唱 还特么都唱得好
星星往上蹦,(我会在杰伦很多歌下说这些)我真心希望，评论区在提到00后时，少数80，90后可以放下自己对00后的偏见和自己有些微妙的优越感，我04年的 但是我也非常喜欢周杰伦，希望大家可以别整天00后不配喜欢周杰伦什么的，这样真的会让00后歌迷寒心
翩翩少年郎,林外芭蕉惹骤雨，梦幻的童女[em]e400824[/em]如传世的青花瓷，在独自美丽[em]e400824[/em]我承认当年我买了盗版。
⭐️,当今台湾年轻人可懂中华文化博大精深
HuiL,(我会在杰伦很多歌下说这些)我真心希望，评论区在提到00后时，少数80，90后可以放下自己对00后的偏见和自己有些微妙的优越感，我04年的 但是我也非常喜欢周杰伦，希望大家可以别整天00后不配喜欢周杰伦什么的，这样真的会让00后歌迷寒心的！
k,(我会在杰伦很多歌下说这些)我真心希望，评论区在提到00后时，少数80，90后可以放下自己对00后的偏见和自己有些微妙的优越感，我04年的 但是我也非常喜欢周杰伦，希望大家可以别整天00后不配喜欢周杰伦什么的，这样真的会让00后歌迷寒心的！
H  ᶘ ᵒᴥᵒᶅ,刚听了惊雷，吓得我赶紧来洗洗耳朵
着迷,当年还用屏幕超级小的初代mp4，下的第一首歌就是周董的《青花瓷》。
风花入眼藏,这周杰伦是何方神圣 什么风格都会唱 还特么都唱得好
风花入眼藏,这周杰伦是何方神圣 什么风格都会唱 还特么都唱得好
Loser,“天青色等烟雨，而我在等你.”
Healer.,上初一时班主任的手机铃声 还把歌词写在黑板上 有一节课专门在讲这首歌
mo韔緗♂,喜欢你的，才会喜欢你的一切。
可爱到膨胀,"小雨湿未透，频繁忆残烛后，
错因旧梦醉新酒。
天青瓷上釉，清签细笔写红豆，
还描成同心蔻。"
RY    邡雯珊,(我会在杰伦很多歌下说这些)我真心希望，评论区在提到00后时，少数80，90后可以放下自己对00后的偏见和自己有些微妙的优越感，我04年的 但是我也非常喜欢周杰伦，希望大家可以别整天00后不配喜欢周杰伦什么的，这样真的会让00后歌迷寒心的！
Dreamy Sera,素胚勾勒，门环惹铜绿，天青色等烟雨，而我在等你，等你笑颜相随。月色被打捞起，晕开了结局。炊烟袅袅升起，隔江千万里...
篱忆风,(我会在杰伦很多歌下说这些)我真心希望，评论区在提到00后时，少数80，90后可以放下自己对00后的偏见和自己有些微妙的优越感，我04年的 但是我也非常喜欢周杰伦，希望大家可以别整天00后不配喜欢周杰伦什么的，这样真的会让00后歌迷寒心的！
十一,华语乐坛怎么了，新出的歌都还没有老歌好听，唉
清风怡江,我会在杰伦很多歌下说这些)我真心希望，评论区在提到00后时，少数80，90后可以放下自己对00后的偏见和自己有些微妙的优越感，我04年的 但是我也非常喜欢周杰伦，希望大家可以别整天00后不配喜欢周杰伦什么的，这样真的会让00后歌迷寒心的！
不进段百，不改名,(我会在杰伦很多歌下说这些)我真心希望，评论区在提到00后时，少数80，90后可以放下自己对00后的偏见和自己有些微妙的优越感，我04年的 但是我也非常喜欢周杰伦，希望大家可以别整天00后不配喜欢周杰伦什么的，这样真的会让00后歌迷寒心的！
꧁夙風飒飒꧂,这周杰伦是何方神圣 什么风格都会唱 还特么都唱得好
述困.,(我会在杰伦很多歌下说这些)我真心希望，评论区在提到00后时，少数80，90后可以放下自己对00后的偏见和自己有些微妙的优越感，我04年的 但是我也非常喜欢周杰伦，希望大家可以别整天00后不配喜欢周杰伦什么的，这样真的会让00后歌迷寒心的！
fufufu什么燃,JJ的歌真的是从小听到大的了 最初了解到JJ是在阿衰这本漫画上 好奇去搜了一下 我的天他的歌唱风格我真的是爱了爱了 但是我不明白为什么她都已经成家了我还未成年[em]e400873[/em]
待到春暖花开时,还记得第一次在春晚上听到，确实被惊艳到了
洪荒少女~,(我会在杰伦很多歌下说这些)我真心希望，评论区在提到00后时，少数80，90后可以放下自己对00后的偏见和自己有些微妙的优越感，我04年的 但是我也非常喜欢周杰伦，希望大家可以别整天00后不配喜欢周杰伦什么的，这样真的会让00后歌迷寒心的！
Big Boss,这首歌方文山周杰伦钟兴民都才华横溢
Big Boss,帘外芭蕉惹骤雨 门环惹铜绿 而我路过那江南小镇惹了你， 有谁觉得这两句极美
嚯嚯嚯吼吼吼,帘外芭蕉惹骤雨 门环惹铜绿 而我路过那江南小镇惹了你， 有谁觉得这两句极美
【青匠暖通】王国杰,是吗……不想养的孩子的宝宝会在宝宝面前说一道上不动你一下……这里也很美腻美美容美发美容专家介绍到现在才会
z,“早知道这首歌这么火，就应该单独出一张EP”
思豆￠,当年还用屏幕超级小的初代mp4，下的第一首歌就是周董的《青花瓷》。
_(:_」∠)_,哈哈哈[em]e400851[/em][em]e400905[/em]！以前去[em]e400213[/em]时总会点这首歌，大学舍友说她可能以后一听到这首歌就会想到我[em]e400905[/em]！也许这就是本命歌吧！许多年还是会喜欢(/ω＼)
温柔体贴的猫ジ,在默默的守着你，等着你回来
窃丶爱,而我路过那江南小镇惹了你
404 NOT FOUND,“天青色等烟雨，而我在等你.”
-,没有期待就不被伤害！天青色等烟雨，而我不再等你
NEVA EVA,(我会在杰伦很多歌下说这些)我真心希望，评论区在提到00后时，少数80，90后可以放下自己对00后的偏见和自己有些微妙的优越感，我04年的 但是我也非常喜欢周杰伦，希望大家可以别整天00后不配喜欢周杰伦什么的，这样真的会让00后歌迷寒心的！
I want it that Way,(我会在杰伦很多歌下说这些)我真心希望，评论区在提到00后时，少数80，90后可以放下自己对00后的偏见和自己有些微妙的优越感，我04年的 但是我也非常喜欢周杰伦，希望大家可以别整天00后不配喜欢周杰伦什么的，这样真的会让00后歌迷寒心的！
冰可乐,这周杰伦是何方神圣 什么风格都会唱 还特么都唱得好
.,歌词美如画
扛起枪来就是兵,(我会在杰伦很多歌下说这些)我真心希望，评论区在提到00后时，少数80，90后可以放下自己对00后的偏见和自己有些微妙的优越感，我04年的 但是我也非常喜欢周杰伦，希望大家可以别整天00后不配喜欢周杰伦什么的，这样真的会让00后歌迷寒心的！
.,周杰伦的音乐就算收费都值得听！！！
几分好奇🔱、,听不腻的杰伦中国风![em]e400832[/em]
贰零0九零七,而我路过那江南小镇惹了你，好一个“惹”字
懒的可爱,(我会在杰伦很多歌下说这些)我真心希望，评论区在提到00后时，少数80，90后可以放下自己对00后的偏见和自己有些微妙的优越感，我04年的 但是我也非常喜欢周杰伦，希望大家可以别整天00后不配喜欢周杰伦什么的，这样真的会让00后歌迷寒心的！
Liu挽秋,"烟雨之于天青色，是不可缺少的元素；没有烟雨天，就没有绝世珍品的天青色青花瓷；等来了烟雨天，青花瓷也就等来了它的生命它的灵魂。如果我是青花瓷，你就是我的烟雨天，等来了你，我的生命从此开始有意义。
天青色对烟雨的等待，是对完整生命的渴望和肯定
而我等你，亦如天青色等烟雨。"
51佳恩,好听
系1条红绳，盼...,(我会在杰伦很多歌下说这些)我真心希望，评论区在提到00后时，少数80，90后可以放下自己对00后的偏见和自己有些微妙的优越感，我04年的 但是我也非常喜欢周杰伦，希望大家可以别整天00后不配喜欢周杰伦什么的，这样真的会让00后歌迷寒心的！
三年二班的罗密欧,小时候在文具店买的笔记本，笔，文具盒等等包装很多都是江南水墨以及那句天青色等烟雨而我在等你，比课本上的古诗背的还好呢，真以为这是一首古诗，长大了才知道是周杰伦的青花瓷，方文山作的词，方文山放在古代也至少是李商隐吧
人间百难消.,偶然一次又听到青花瓷，我竟然听哭了
JiuC,这周杰伦是何方神圣 什么风格都会唱 还特么都唱得好
超人不能流眼泪。,周杰伦的歌的特点就是吐字不清，这是一种境界，虽然听着比较累， 周杰伦的吐字不清晰，在这首歌里完全不是问题。吐字太清反而有问题。意境缥缈，什么都不要太清楚得才好。缓缓流淌的溪水，似青花瓷般素雅，娴静，铜铃般的清脆嗓音，回荡在我的耳际。泼墨山水画，你美得如画中的人儿，缕缕幽香，似梦幻般，我触不到，我摸不着，却能感到烟雨朦胧的深秋，你那澄澈明净的眸子中牡丹的妖艳，菡萏的清鲜，幽兰的雅致，野菊的傲骨。《青花瓷》是我最喜欢的中国风歌曲。[em]e400116[/em]
抹茶拿铁,(我会在杰伦很多歌下说这些)我真心希望，评论区在提到00后时，少数80，90后可以放下自己对00后的偏见和自己有些微妙的优越感，我04年的 但是我也非常喜欢周杰伦，希望大家可以别整天00后不配喜欢周杰伦什么的，这样真的会让00后歌迷寒心的！
July,(我会在杰伦很多歌下说这些)我真心希望，评论区在提到00后时，少数80，90后可以放下自己对00后的偏见和自己有些微妙的优越感，我04年的 但是我也非常喜欢周杰伦，希望大家可以别整天00后不配喜欢周杰伦什么的，这样真的会让00后歌迷寒心的！
相望 🍀,"那年
你我同窗
那年
你我同唱一首歌
青花瓷."
焕然,(我会在杰伦很多歌下说这些)我真心希望，评论区在提到00后时，少数80，90后可以放下自己对00后的偏见和自己有些微妙的优越感，我04年的 但是我也非常喜欢周杰伦，希望大家可以别整天00后不配喜欢周杰伦什么的，这样真的会让00后歌迷寒心的！
偽君孖,想当年mp3每天单曲循环之首歌10年没听了歌词还是记得清清楚楚[em]e400824[/em]
Mr.G,此曲只应天上有。
地主家的傻儿子🇨🇳,青花瓷是好瓷
米开朗稽罗,美！
returns 0 initiate,(⊙o⊙)哇
阴天,周杰伦的歌，听在我心里，但我却付不起（因为每一曲都要付费）
甜心水草,好烦啊，周杰伦的歌，怎么每一首都那么好听我都喜欢不过来了[em]e400828[/em][em]e400906[/em]
HCYL,该评论已经被删除
泡椒,只有等到烟雨天气，才能锻造出最上等的天青色的青花瓷。天青色等烟雨，就像我在等你一样
DD,(我会在杰伦很多歌下说这些)我真心希望，评论区在提到00后时，少数80，90后可以放下自己对00后的偏见和自己有些微妙的优越感，我04年的 但是我也非常喜欢周杰伦，希望大家可以别整天00后不配喜欢周杰伦什么的，这样真的会让00后歌迷寒心的！
DD,(我会在杰伦很多歌下说这些)我真心希望，评论区在提到00后时，少数80，90后可以放下自己对00后的偏见和自己有些微妙的优越感，我04年的 但是我也非常喜欢周杰伦，希望大家可以别整天00后不配喜欢周杰伦什么的，这样真的会让00后歌迷寒心的！
🐶崽崽,(我会在杰伦很多歌下说这些)我真心希望，评论区在提到00后时，少数80，90后可以放下自己对00后的偏见和自己有些微妙的优越感，我04年的 但是我也非常喜欢周杰伦，希望大家可以别整天00后不配喜欢周杰伦什么的，这样真的会让00后歌迷寒心的！
该去学习了,这周杰伦是何方神圣 什么风格都会唱 还特么都唱得好
小手冰凉,评论区在提到00后时，少数80，90后可以放下自己对00后的偏见和自己有些微妙的优越感，我04年的 但是我也非常喜欢周杰伦，希望大家可以别整天00后不配喜欢周杰伦什么的，这样真的会让00
Life、,"小雨湿未透，频繁忆残烛后，
错因旧梦醉新酒。
天青瓷上釉，清签细笔写红豆，
还描成同心蔻。"
离岸.,咋都是Vip啊，没一首能听的
落娘,天青色等烟雨，而我在等你，烟雨朦胧，凉亭之下惊鸿一瞥，望进一双深邃眼眸，匆匆一别，从此隔江千万里，，，，，，
A. 罗半仙,"青花瓷，勾勒着流苏，白片清韵。千年淡雅，翠袖白绫，夹杂着清寒的声韵。流光篆青，扫尽了尘埃。在江南的烟雨下，惊鸿一瞥的迹遇，低眉淡然。青花瓷旁，见你如初。

7条回复

传"
Rabi,我不会说什么好听的话，我就觉得买这首歌，十块钱也值了
美绪不脏,23992
期年,从小就听周董的歌，我爸是他的歌迷，六七岁的时候家里天天放青花瓷，还有其他周董的歌，可以说承载了我的童年了，我爸妈结婚的时候，放的歌是东风破，学过一段时间的舞蹈，跳过菊花台，老爸年轻时候收藏了很多周董的CD，特喜欢音乐，我也是受他影响，很喜欢周董的歌。
杉蔚,(我会在杰伦很多歌下说这些)我真心希望，评论区在提到00后时，少数80，90后可以放下自己对00后的偏见和自己有些微妙的优越感，我04年的 但是我也非常喜欢周杰伦，希望大家可以别整天00后不配喜欢周杰伦什么的，这样真的会让00后歌迷寒心的！
你也网上冲浪啊,(我会在杰伦很多歌下说这些)我真心希望，评论区在提到00后时，少数80，90后可以放下自己对00后的偏见和自己有些微妙的优越感，我04年的 但是我也非常喜欢周杰伦，希望大家可以别整天00后不配喜欢周杰伦什么的，这样真的会让00后歌迷寒心的！
锦先生,青花瓷，勾勒着流苏，白片清韵。千年淡雅，翠袖白绫，夹杂着清寒的声韵。流光篆青，扫尽了尘埃。在江南的烟雨下，惊鸿一瞥的迹遇，低眉淡然。青花瓷旁，见你如初。
🍁Sq101,可能有点不相信这首歌是我的初恋。那是我小学的时候喜欢过的一女生，是一个双鱼座的女生。当时的年纪，经历过的人应该都知道，是女生追着男生打的年纪。她从来不打男生，从来不争不抢，也从来不会骂脏话。她的成绩不是那么好，也就中上游，她不是什么班委，但老师布置大家都要做的公益（毕业留念墙，班级的各种杂事）的事情，很多人懒得做，她是最认真的一个。当有一个都有人都讨厌的很娘的男生被欺负时，她会递一张纸给他。当冬天大家都在学校玩雪的时候，她拿着一杯温水，给大家倒着喝。她妈妈的厨艺很好，经常做一些什么糯米球，果冻，冰稀饭，她会带来学校，每人打一碗。有一次六一儿童节，她会吹陶笛，吹的就是“青花瓷”。她才是“青花瓷”
🍁Sq101,可能有点不相信这首歌是我的初恋。那是我小学的时候喜欢过的一女生，是一个双鱼座的女生。当时的年纪，经历过的人应该都知道，是女生追着男生打的年纪。她从来不打男生，从来不争不抢，也从来不会骂脏话。她的成绩不是那么好，也就中上游，她不是什么班委，但老师布置大家都要做的公益（毕业留念墙，班级的各种杂事）的事情，很多人懒得做，她是最认真的一个。当有一个都有人都讨厌的很娘的男生被欺负时，她会递一张纸给他。当冬天大家都在学校玩雪的时候，她拿着一杯温水，给大家倒着喝。她妈妈的厨艺很好，经常做一些什么糯米球，果冻，冰稀饭，她会带来学校，每人打一碗。有一次六一儿童节，她会吹陶笛，吹的就是“青花瓷”。她才是“青花瓷”
破晓,该评论已经被删除
一碗螺蛳粉,“天青色等烟雨，而我在等你.”
凉思嗣&,(我会在杰伦很多歌下说这些)我真心希望，评论区在提到00后时，少数80，90后可以放下自己对00后的偏见和自己有些微妙的优越感，我04年的 但是我也非常喜欢周杰伦，希望大家可以别整天00后不配喜欢周杰伦什么的，这样真的会让00后歌迷寒心的！
中国女孩🇨🇳,你心底的人，是谁？
X—Man.live,有的人把10后当00后了。全民k歌白皮书显示，周杰伦在80 90 00排第一。70排第9。全民k歌应该没有数据造假，样本也大。周杰伦在00后怎么也算一线了。
初€㏒∂ΣΨ,这周杰伦是何方神圣 什么风格都会唱 还特么都唱得好
。,(我会在杰伦很多歌下说这些)我真心希望，评论区在提到00后时，少数80，90后可以放下自己对00后的偏见和自己有些微妙的优越感，我04年的 但是我也非常喜欢周杰伦，希望大家可以别整天00后不配喜欢周杰伦什么的，这样真的会让00后歌迷寒心的！
囚心,梦回十年前，感觉自己还是那个孩子，楼外还在下着细雨，我坐在卧室窗边电脑桌前听着青花瓷，侧头隔着阳台往外望，天有点阴沉，凉风习习，爸爸和哥哥在后面笑着，妈妈在那里看着情深深雨蒙蒙，不用去思考明天会怎样，不用去思考未来是怎么样的
ア,(我会在杰伦很多歌下说这些)我真心希望，评论区在提到00后时，少数80，90后可以放下自己对00后的偏见和自己有些微妙的优越感，我04年的 但是我也非常喜欢周杰伦，希望大家可以别整天00后不配喜欢周杰伦什么的，这样真的会让00后歌迷寒心的！
ア,(我会在杰伦很多歌下说这些)我真心希望，评论区在提到00后时，少数80，90后可以放下自己对00后的偏见和自己有些微妙的优越感，我04年的 但是我也非常喜欢周杰伦，希望大家可以别整天00后不配喜欢周杰伦什么的，这样真的会让00后歌迷寒心的！
赺諎,"《在杰难逃》
兰亭边，拾笔写就离人序。
千里马，身影渐逝山之外。
舞东风，破敌三千甲染红。
发如雪，功成名就身却老。
菊花台，今夜明月竟不圆。
青花瓷，欲道相思卿已辞。"
蓁蓁,传世的青花瓷，始于胎土上淘炼出的精致；陷于素胚上勾勒出的浓意；痴于瓶身上描绘出的细腻；醉于釉色上渲染出的甜蜜；忠于瓶底上书写出的飘逸。不早一步亦不会晚一时，于茫茫人海中，“天青色等烟雨，而我在等你”
Charon,(我会在杰伦很多歌下说这些)我真心希望，评论区在提到00后时，少数80，90后可以放下自己对00后的偏见和自己有些微妙的优越感，我04年的 但是我也非常喜欢周杰伦，希望大家可以别整天00后不配喜欢周杰伦什么的，这样真的会让00后歌迷寒心的！
时瑾,(我会在杰伦很多歌下说这些)我真心希望，评论区在提到00后时，少数80，90后可以放下自己对00后的偏见和自己有些微妙的优越感，我04年的 但是我也非常喜欢周杰伦，希望大家可以别整天00后不配喜欢周杰伦什么的，这样真的会让00后歌迷寒心的！
第六病室,这周杰伦是何方神圣 什么风格都会唱 还特么都唱得好
即兴,现在周杰伦的歌都要付费[em]e400873[/em][em]e400873[/em]
贝影、,青花瓷，勾勒着流苏，白片清韵。千年淡雅，翠袖白绫，夹杂着清寒的声韵。流光篆青，扫尽了尘埃。在江南的烟雨下，惊鸿一瞥的迹遇，低眉淡然。青花瓷旁，见你如初。
屿阳,…………………………~……
Fairy😇,(我会在杰伦很多歌下说这些)我真心希望，评论区在提到00后时，少数80，90后可以放下自己对00后的偏见和自己有些微妙的优越感，我04年的 但是我也非常喜欢周杰伦，希望大家可以别整天00后不配喜欢周杰伦什么的，这样真的会让00后歌迷寒心的！
动不动就饿,神仙歌词
洛,青花瓷是我可以单曲循环一天而不厌烦的歌曲之一[em]e400837[/em]
大角牛,能说出来的，还叫真心话吗？
一只偏食的猫,青花瓷的mv真的很搞笑
  小哼 -,杰伦最美的中国风歌曲
晨晨,现在再也见不到这么好的词和这么好的曲了
心之所向,(我会在杰伦很多歌下说这些)我真心希望，评论区在提到00后时，少数80，90后可以放下自己对00后的偏见和自己有些微妙的优越感，我04年的 但是我也非常喜欢周杰伦，希望大家可以别整天00后不配喜欢周杰伦什么的，这样真的会让00后歌迷寒心的！
うちは マダラ,(我会在杰伦很多歌下说这些)我真心希望，评论区在提到00后时，少数80，90后可以放下自己对00后的偏见和自己有些微妙的优越感，我04年的 但是我也非常喜欢周杰伦，希望大家可以别整天00后不配喜欢周杰伦什么的，这样真的会让00后歌迷寒心的！
Edison Emma hooligan is me,(我会在杰伦很多歌下说这些)我真心希望，评论区在提到00后时，少数80，90后可以放下自己对00后的偏见和自己有些微妙的优越感，我04年的 但是我也非常喜欢周杰伦，希望大家可以别整天00后不配喜欢周杰伦什么的，这样真的会让00后歌迷寒心的！
Edison Emma hooligan is me,看了内地第四期周游记，那段复原青花瓷的魔术惊呆了，关键是青花瓷作为bgm[em]e400825[/em]
Jay《～(￣▽￣～)~》,这周杰伦是何方神圣 什么风格都会唱 还特么都唱得好
W,[em]e400197[/em]  [em]e400197[/em]    [em]e400197[/em]      [em]e400197[/em]        [em]e400197[/em]2020年4月18日
雅俗共赏,这周杰伦是何方神圣 什么风格都会唱 还特么都唱得好
♡l,"薄雾

细雨

纸伞

伞中人"
我,最初的名字叫“汝窑”
甜甜,听了十几年依然很喜欢！
來兄弟們幹就好了奧利給,怎么说呢，感觉周董的歌特别特别有年代感，还有童年的《左手右手》，等等，我真的想念以前了，《告白气球》，以前打王者时经常听。怀念以前，厌恶现在
吹梦到西洲,这歌词完全可以录入语文教材里
　        ,同学们，这首歌都用了什么修辞手法？
ssssssaaaannnnnnsssss,因为这首歌，下了QQ音乐
_,该评论已经被删除
_,我会在杰伦很多歌下说这些)我真心希望，评论区在提到00后时，少数80，90后可以放下自己对00后的偏见和自己有些微妙的优越感，我04年的 但是我也非常喜欢周杰伦，希望大家可以别整天00后不配喜欢周杰伦什么的，这样真的会让00后歌迷寒
吴二三,(我会在杰伦很多歌下说这些)我真心希望，评论区在提到00后时，少数80，90后可以放下自己对00后的偏见和自己有些微妙的优越感，我04年的 但是我也非常喜欢周杰伦，希望大家可以别整天00后不配喜欢周杰伦什么的，这样真的会让00后歌迷寒心的！
吴二三,(我会在杰伦很多歌下说这些)我真心希望，评论区在提到00后时，少数80，90后可以放下自己对00后的偏见和自己有些微妙的优越感，我04年的 但是我也非常喜欢周杰伦，希望大家可以别整天00后不配喜欢周杰伦什么的，这样真的会让00后歌迷寒心的！
ག酒ิۣۖิۣۖิۣۖิꦿృ,太太太太太太太太太太太太太太太太太太太太太太太太太太太太太太太太太太太太太太太太太太太太太太太太太太太太太太太太太太太太太太太太太太太太太太太太太太太太太太太太太太太太太太太太天太太太好听了
杰伦本伦,一起长大的约定那样清晰 拉过勾的我相信
暗闪,(我会在杰伦很多歌下说这些)我真心希望，评论区在提到00后时，少数80，90后可以放下自己对00后的偏见和自己有些微妙的优越感，我04年的 但是我也非常喜欢周杰伦，希望大家可以别整天00后不配喜欢周杰伦什么的，这样真的会让00后歌迷寒心的！
🤗酱爆,“天青色等烟雨，而我在等你.”
·佳佳·,同学们，这首歌都用了什么修辞手法？
HAoDonG,我会在杰伦很多歌下说这些)我真心希望，评论区在提到00后时，少数80，90后可以放下自己对00后的偏见和自己有些微妙的优越感，我04年的 但是我也非常喜欢周杰伦，希望大家可以别整天00后不配喜欢周杰伦什么的，这样真的会让00后歌迷寒
😷,会在杰伦很多歌下说这些)我真心希望，评论区在提到00后时，少数80，90后可以放下自己对00后的偏见和自己有些微妙的优越感，我04年的 但是我也非常喜欢周杰伦，希望大家可以别整天00后
北风,(我会在杰伦很多歌下说这些)我真心希望，评论区在提到00后时，少数80，90后可以放下自己对00后的偏见和自己有些微妙的优越感，我04年的 但是我也非常喜欢周杰伦，希望大家可以别整天00后不配喜欢周杰伦什么的，这样真的会让00后歌迷寒心的！
娃哈哈,大家到b站搜索周侯恋，周杰伦侯佩岑给你上演一部现实版的偶像剧，周董的好多歌曲就是因为这部偶像剧而生的，看完我敢肯定你会哭成泪人，准备好纸巾先哦[em]e400867[/em][em]e400867[/em][em]e400867[/em][em]e401383[/em][em]e401383[/em][em]e401383[/em]
已经咸鱼到极限的夜·血月,。
辰辰辰辰,同学们，这首歌都用了什么修辞手法
一半一半,现在周杰伦的歌都要付费[em]e400873[/em][em]e400873[/em]
叽叽歪歪,现在再也见不到这么好的词和这么好的曲了
春雨,早上梦见我躺在爸爸的车上听着这歌听得昏昏欲睡，醒来把它买了[em]e400230[/em][em]e400230[/em][em]e400230[/em]
叫我Hathaway,(我会在杰伦很多歌下说这些)我真心希望，评论区在提到00后时，少数80，90后可以放下自己对00后的偏见和自己有些微妙的优越感，我04年的 但是我也非常喜欢周杰伦，希望大家可以别整天00后不配喜欢周杰伦什么的，这样真的会让00后歌迷寒心的！
乔克叔叔.,这周杰伦是何方神圣 什么风格都会唱 还特么都唱得好
Jullie,我们的生活方式是什么时候回来呀，你的生活状态就是我们生活的重要组成部分？我是什么样人和事儿了？我的生活真的不一样吧！你说啥呢！你是怎么回事！你们要吃东西就去
The soul 👹,(我会在杰伦很多歌下说这些)我真心希望，评论区在提到00后时，少数80，90后可以放下自己对00后的偏见和自己有些微妙的优越感，我04年的 但是我也非常喜欢周杰伦，希望大家可以别整天00后不配喜欢周杰伦什么的，这样真的会让00后歌迷寒心的！
夨厾の茴卜來,青花瓷，勾勒着流苏，白片清韵。千年淡雅，翠袖白绫，夹杂着清寒的声韵。流光篆青，扫尽了尘埃。在江南的烟雨下，惊鸿一瞥的迹遇，低眉淡然。青花瓷旁，见你如初。
༗听༘༘见下雨的声音ོ,(我会在杰伦很多歌下说这些)我真心希望，评论区在提到00后时，少数80，90后可以放下自己对00后的偏见和自己有些微妙的优越感，我04年的 但是我也非常喜欢周杰伦，希望大家可以别整天00后不配喜欢周杰伦什么的，这样真的会让00后歌迷寒心的！
流浪的木偶,(我会在杰伦很多歌下说这些)我真心希望，评论区在提到00后时，少数80，90后可以放下自己对00后的偏见和自己有些微妙的优越感，我04年的 但是我也非常喜欢周杰伦，希望大家可以别整天00后不配喜欢周杰伦什么的，这样真的会让00后歌迷寒心的！
雅俗共赏,(我会在杰伦很多歌下说这些)我真心希望，评论区在提到00后时，少数80，90后可以放下自己对00后的偏见和自己有些微妙的优越感，我04年的 但是我也非常喜欢周杰伦，希望大家可以别整天00后不配喜欢周杰伦什么的，这样真的会让00后歌迷寒心的！
没头脑还不高兴,我学唱的第一首中文歌。虽然唱得不好听，但我真的很爱这首。
™,初一的回忆[em]e400850[/em]
放不下、,不是喜欢下雨天，而是怀念和你躲过雨的屋檐。
默读,天青色等烟雨
康sir,这词写的太牛逼了
西江月『☼,"15年吧，或者14年，你们班表演的就是这首歌的舞蹈。我真的好羡慕那些穿着好似和你情侣装的女孩们。
好久了呀，尽管你都快高考了，我也离开了，那封拿给朋友的信，也不知道你能不能收到。其实也就只有六个字。
你好吗？我很好。"
郑晶晶,周董的歌初听惊艳，五年十年后再听到却依然不减当年。没有人的青春不可以没经历过周杰伦，感觉他是一种风格，更是一个时代。
开心小熊猫,2008年第一次和她听。。。现在2020一个人听
小帆,(我会在杰伦很多歌下说这些)我真心希望，评论区在提到00后时，少数80，90后可以放下自己对00后的偏见和自己有些微妙的优越感，我04年的 但是我也非常喜欢周杰伦，希望大家可以别整天00后不配喜欢周杰伦什么的，这样真的会让00后歌迷寒心的！
MAVs,好听
向日葵,你们要真喜欢他，就自己写，别复制粘贴
向日葵,现在周杰伦的歌都要付费[em]e400873[/em][em]e400873[/em]
捕狗大将军PG¹³,现在周杰伦的歌都要付费[em]e400873[/em][em]e400873[/em]
A,方文山老师太会了
弘浠,青花瓷的mv真的很搞笑
杰伦本伦,微微笑小时候的梦 不要哭让萤火虫带着你逃跑
差很多先生,可能有点不相信这首歌是我的初恋。那是我小学的时候喜欢过的一女生，是一个双鱼座的女生。当时的年纪，经历过的人应该都知道，是女生追着男生打的年纪。她从来不打男生，从来不争不抢，也从来不会骂脏话。她的成绩不是那么好，也就中上游，她不是什么班委，但老师布置大家都要做的公益（毕业留念墙，班级的各种杂事）的事情，很多人懒得做，她是最认真的一个。当有一个都有人都讨厌的很娘的男生被欺负时，她会递一张纸给他。当冬天大家都在学校玩雪的时候，她拿着一杯温水，给大家倒着喝。她妈妈的厨艺很好，经常做一些什么糯米球，果冻，冰稀饭，她会带来学校，每人打一碗。有一次六一儿童节，她会吹陶笛，吹的就是“青花瓷”。她才是“青花瓷”
记得/way of kobe,0.5倍速可以助眠
⁠不能说の秘密,咋都是Vip啊，没一首能听的
⁠不能说の秘密,现在周杰伦的歌都要付费[em]e400873[/em][em]e400873[/em]
ベ断桥烟雨ミ,(我会在杰伦很多歌下说这些)我真心希望，评论区在提到00后时，少数80，90后可以放下自己对00后的偏见和自己有些微妙的优越感，我04年的 但是我也非常喜欢周杰伦，希望大家可以别整天00后不配喜欢周杰伦什么的，这样真的会让00后歌迷寒心的！
仲夏夜___浮城ˊ旧事°,天青色等烟雨，而我在等你。是我心里最美的一句歌词。烟雨对于天青色，是上天赐给的礼物。
涂涂,我讲了50节客还不如周杰伦写的一首青花瓷
野.,现在周杰伦的歌都要付费[em]e400873[/em][em]e400873[/em]
A.C.L,"高中教室里
阳光正好
不浓不淡
几个男生讨论这首歌
只有我的前桌默默唱了出来"
@,(我会在杰伦很多歌下说这些)我真心希望，评论区在提到00后时，少数80，90后可以放下自己对00后的偏见和自己有些微妙的优越感，我04年的 但是我也非常喜欢周杰伦，希望大家可以别整天00后不配喜欢周杰伦什么的，这样真的会让00后歌迷寒心的！
孤傲🍃,你眼带笑意
拾壹月肖邦里的七里香,"天青色等烟雨，而我在等你，
炊烟袅袅升起，隔江千万里。
在瓶底书汉隶，仿前朝的飘逸，
如传世的青花瓷，自顾自美丽。"
鍾無艳,记得当初是你跟我一起唱的，现在时隔多年，听来仍旧好听，好久不见啊“天青色等烟雨，而我在等你，炊烟袅袅升起，隔江千万里”
এ时光清浅᭄ꦿ,(我会在杰伦很多歌下说这些)我真心希望，评论区在提到00后时，少数80，90后可以放下自己对00后的偏见和自己有些微妙的优越感，我04年的 但是我也非常喜欢周杰伦，希望大家可以别整天00后不配喜欢周杰伦什么的，这样真的会让00后歌迷寒心的！
*💥星球开发商😎,天青色这种通透的色泽需要合适的湿度，古代没有成熟的烧窑技术，就只有烟雨之后的天气才能烧的出来。在诸多瓷器里 青花瓷百不一遇。“天青色等烟雨，而我在等你” 大抵是永远不会过时的情话。
钟怀智,(我会在杰伦很多歌下说这些)我真心希望，评论区在提到00后时，少数80，90后可以放下自己对00后的偏见和自己有些微妙的优越感，我04年的 但是我也非常喜欢周杰伦，希望大家可以别整天00后不配喜欢周杰伦什么的，这样真的会让00后歌迷寒心的！
我是灰太狼,(我会在杰伦很多歌下说这些)我真心希望，评论区在提到00后时，少数80，90后可以放下自己对00后的偏见和自己有些微妙的优越感，我04年的 但是我也非常喜欢周杰伦，希望大家可以别整天00后不配喜欢周杰伦什么的，这样真的会让00后歌迷寒心的！
灿警,(我会在杰伦很多歌下说这些)我真心希望，评论区在提到00后时，少数80，90后可以放下自己对00后的偏见和自己有些微妙的优越感，我04年的 但是我也非常喜欢周杰伦，希望大家可以别整天00后不配喜欢周杰伦什么的，这样真的会让00后歌迷寒心的！
swag不念帅,"我领三天的qq音乐的vlp,我可以听周杰伦的歌啦！"
葆婴桂亮,这首歌是QQ音乐里面就火的男星唱的歌
A. 罗半仙,(我会在杰伦很多歌下说这些)我真心希望，评论区在提到00后时，少数80，90后可以放下自己对00后的偏见和自己有些微妙的优越感，我04年的 但是我也非常喜欢周杰伦，希望大家可以别整天00后不配喜欢周杰伦什么的，这样真的会让00后歌迷寒心的！
ㅤ,报道
浅韵,"我领三天的qq音乐的vlp,我可以听周杰伦的歌啦！"
不不不,"天色白罢渐染青
似，白瓷渲蓝
雾雨惹釉勾勒画
如，与你涂妆

人家炊烟浓转淡
月光漾笔绘两岸
仍，独自于江畔"
伴,"天色白罢渐染青
似，白瓷渲蓝
雾雨惹釉勾勒画
如，与你涂妆

人家炊烟浓转淡
月光漾笔绘两岸
仍，独自于江畔"
殇ベ,"天色白罢渐染青
似，白瓷渲蓝
雾雨惹釉勾勒画
如，与你涂妆

人家炊烟浓转淡
月光漾笔绘两岸
仍，独自于江畔"
娃赢,"天色白罢渐染青
似，白瓷渲蓝
雾雨惹釉勾勒画
如，与你涂妆

人家炊烟浓转淡
月光漾笔绘两岸
仍，独自于江畔"
坠.,为了周董氪年费来报道
阿板,很久以前天天向上的扇子舞
I want it that Way,(我会在杰伦很多歌下说这些)我真心希望，评论区在提到00后时，少数80，90后可以放下自己对00后的偏见和自己有些微妙的优越感，我04年的 但是我也非常喜欢周杰伦，希望大家可以别整天00后不配喜欢周杰伦什么的，这样真的会让00后歌迷寒心的！
小白,她等我就行了，等我有伞带她看天青烟雨
杰伦本伦,雨下整夜我的爱溢出就像雨水
蜂鸟配送,青花瓷
zxrr,我靠，钟兴民这编曲，我没了
Ruin.LA,我就纳闷了为什有明星火了起来就忘了粉丝，听个想听的音乐都收费，还要点脸吗，看看人家薛之谦，人家才是真明星
和生,很好
汪狗,就是因为杰伦的青花瓷，从此爱上青花瓷
18,(我会在杰伦很多歌下说这些)我真心希望，评论区在提到00后时，少数80，90后可以放下自己对00后的偏见和自己有些微妙的优越感，我04年的 但是我也非常喜欢周杰伦，希望大家可以别整天00后不配喜欢周杰伦什么的，这样真的会让00后歌迷寒心的！
18,(我会在杰伦很多歌下说这些)我真心希望，评论区在提到00后时，少数80，90后可以放下自己对00后的偏见和自己有些微妙的优越感，我04年的 但是我也非常喜欢周杰伦，希望大家可以别整天00后不配喜欢周杰伦什么的，这样真的会让00后歌迷寒心的！
18,入坑杰伦的第一首歌
竖着？,(我会在杰伦很多歌下说这些)我真心希望，评论区在提到00后时，少数80，90后可以放下自己对00后的偏见和自己有些微妙的优越感，我04年的 但是我也非常喜欢周杰伦，希望大家可以别整天00后不配喜欢周杰伦什么的，这样真的会让00后歌迷寒心的！
wyxa,天青色等烟宇
♧♤,(我会在杰伦很多歌下说这些)我真心希望，评论区在提到00后时，少数80，90后可以放下自己对00后的偏见和自己有些微妙的优越感，我04年的 但是我也非常喜欢周杰伦，希望大家可以别整天00后不配喜欢周杰伦什么的，这样真的会让00后歌迷寒心的！
枕星,这首歌 那个男孩 温柔的眼神
小仙女,好好听🥳
⚝,(我会在杰伦很多歌下说这些)我真心希望，评论区在提到00后时，少数80，90后可以放下自己对00后的偏见和自己有些微妙的优越感，我04年的 但是我也非常喜欢周杰伦，希望大家可以别整天00后不配喜欢周杰伦什么的，这样真的会让00后歌迷寒心的！
落叶飘～,打卡
童童🔮,好听
放过初心吧！,刚听到高潮，结果他非要会员[em]e400104[/em]
拾壹月肖邦里的七里香,1
飞到天上摘星星,很多年前的春晚，我还在读小学，家人围在一起包水饺，听到有周杰伦的歌，我这个小朋友硬是熬着看到了周杰伦出场，看了一半就睡着了，哈哈，那时的快乐真容易满足啊。
　󠀀󠀀󠀀󠀀,刚听到高潮，结果他非要会员[em]e400104[/em]
🥭,天青色等烟雨，而我在等你。“天青过雨”是青花瓷上品中的上品，存世极少，也是最美丽的色彩。这类釉色必须在烟雨天才能烧出来。
不知道起什么名字的咕哒子,这周杰伦是何方神圣 什么风格都会唱 还特么都唱得好
PLA,"未曾闻过的淡雅清香
未曾识过的素洁姿色

手中笔锋婉转
却绘不了
你温柔的嘴角
心中万事牵念
却敌不过
你嫣然的轮廓

你的美，耐人去寻味"
阿休,初一第一学期，我是学霸，同位是音乐天才，同时他是文艺委员和音乐课代表，而我却是音痴，前几个星期，他在课间总是哼着同一首歌，我问他是什么歌，他却告诉我，等时机到了，自然会告诉我，也不知道是为了什么，当我问班里别的同学时，他们都说不知道，而初一第二学期的时候，他给我表白了，表白时他什么话都没说，只是唱了一首青花瓷，当时我二话不说就答应他了，我不后悔答应他，因为他给了我一段美好的回忆，初二我们分手，是被老师拆散的，他跟我分手时，还是唱了一首青花瓷，他说，既然是因为这首歌在一起的，那就以这首歌作为结束吧，现在，我后悔了，我后悔跟他分手了，可是没有用了，因为，我们已经失去联系了
放过初心吧！,刚听到高潮，结果他非要会员[em]e400104[/em]
放过初心吧！,刚听到高潮，结果他非要会员[em]e400104[/em]
妈的巴卡,开口就爱了。真的是爱了爱了
　󠀀󠀀󠀀󠀀,刚听到高潮，结果他非要会员[em]e400104[/em]
放过初心吧！,刚听到高潮，结果他非要会员[em]e400104[/em]
密码,不打紧凑车迈巴赫夏季窗口那些积极参加刺激恼羞成怒长长久久那你想念你那你吃呢
浮现,纳里？
这世界从不缺少暗处,(我会在杰伦很多歌下说这些)我真心希望，评论区在提到00后时，少数80，90后可以放下自己对00后的偏见和自己有些微妙的优越感，我04年的 但是我也非常喜欢周杰伦，希望大家可以别整天00后不配喜欢周杰伦什么的，这样真的会让00后歌迷寒心的！
林婧,真绝了这歌和词
Jason、,太经典了
初心お迷失,这周杰伦是何方神圣 什么风格都会唱 还特么都唱得好
初心お迷失,好听不绕口，最爱唱这首歌了
三好邻居🎖,(我会在杰伦很多歌下说这些)我真心希望，评论区在提到00后时，少数80，90后可以放下自己对00后的偏见和自己有些微妙的优越感，我04年的 但是我也非常喜欢周杰伦，希望大家可以别整天00后不配喜欢周杰伦什么的，这样真的会让00后歌迷寒心的！
仆の心臓は一つだけ,我想问QQ音乐还有没有能免费听的歌？
海琦,我想问QQ音乐还有没有能免费听的歌？
若干瓶³,(我会在杰伦很多歌下说这些)我真心希望，评论区在提到00后时，少数80，90后可以放下自己对00后的偏见和自己有些微妙的优越感，我04年的 但是我也非常喜欢周杰伦，希望大家可以别整天00后不配喜欢周杰伦什么的，这样真的会让00后歌迷寒心的！
1.111111,会在杰伦很多歌下说这些)我真心希望，评论区在提到00后时，少数80，90后可以放下自己对00后的偏见和自己有些微妙的优越感，我04年的 但是我也非常喜欢周杰伦，希望大家可以别整天00后不配喜欢周杰伦什么的，这样真
烟桥♡,我一直记得初中时，我的前桌一个男孩子，他总是哼着“天青色等烟雨，而我在等你～”，每每和他聊天，他总是偷偷地告诉我，他喜欢一个女孩子，现在已经十年了。
凉夏,(我会在杰伦很多歌下说这些)我真心希望，评论区在提到00后时，少数80，90后可以放下自己对00后的偏见和自己有些微妙的优越感，我04年的 但是我也非常喜欢周杰伦，希望大家可以别整天00后不配喜欢周杰伦什么的，这样真的会让00后歌迷寒心的！
　󠀀󠀀󠀀󠀀,刚听到高潮，结果他非要会员[em]e400104[/em]
放过初心吧！,刚听到高潮，结果他非要会员[em]e400104[/em]
.Hiddleston🇬🇧👑.,我学唱的第一首中文歌。虽然唱得不好听，但我真的很爱这首。
放过初心吧！,刚听到高潮，结果他非要会员[em]e400104[/em]
V,很治愈！周董的歌都值得循环播放
就这样，很简单,该评论已经被删除
Immanuel76,(我会在杰伦很多歌下说这些)我真心希望，评论区在提到00后时，少数80，90后可以放下自己对00后的偏见和自己有些微妙的优越感，我04年的 但是我也非常喜欢周杰伦，希望大家可以别整天00后不配喜欢周杰伦什么的，这样真的会让00后歌迷寒心的！
Petrichor,天青色等烟雨，谁都不是你
香蕉你个不娜娜,好不容易办了一回绿钻 我要找遍当年我喜欢却不能听的歌[em]e400830[/em]
天琊,当年就是这首歌干翻了五月天的如烟，哈哈
　        ,天青色等烟雨，而我在等你
♫,周杰伦的歌的特点就是吐字不清，这是一种境界，虽然听着比较累， 周杰伦的吐字不清晰，在这首歌里完全不是问题。吐字太清反而有问题。意境缥缈，什么都不要太清楚得才好。缓缓流淌的溪水，似青花瓷般素雅，娴静，铜铃般的清脆嗓音，回荡在我的耳际。泼墨山水画，你美得如画中的人儿，缕缕幽香，似梦幻般，我触不到，我摸不着，却能感到烟雨朦胧的深秋，你那澄澈明净的眸子中牡丹的妖艳，菡萏的清鲜，幽兰的雅致，野菊的傲骨。《青花瓷》是我最喜欢的中国风歌曲。[em]e400116[/em]
画龙,(我会在杰伦很多歌下说这些)我真心希望，评论区在提到00后时，少数80，90后可以放下自己对00后的偏见和自己有些微妙的优越感，我04年的 但是我也非常喜欢周杰伦，希望大家可以别整天00后不配喜欢周杰伦什么的，这样真的会让00后歌迷寒心的！
Titan,说实话，我们90后这一代真的挺幸运，整个青春有那么多好听的歌陪伴，周杰伦，林俊杰，王力宏…感谢有你们
#^楠枫—落o´#^,咋都是Vip啊，没一首能听的
胡猫🐈,(我会在杰伦很多歌下说这些)我真心希望，评论区在提到00后时，少数80，90后可以放下自己对00后的偏见和自己有些微妙的优越感，我04年的 但是我也非常喜欢周杰伦，希望大家可以别整天00后不配喜欢周杰伦什么的，这样真的会让00后歌迷寒心的！
。,嘿嘿嘿
Mr . Fan,第一次听这首歌是2007年，一转眼就是2020年了，时间啊怎么这么跑的这么快。
海纳百川,(我会在杰伦很多歌下说这些)我真心希望，评论区在提到00后时，少数80，90后可以放下自己对00后的偏见和自己有些微妙的优越感，我04年的 但是我也非常喜欢周杰伦，希望大家可以别整天00后不配喜欢周杰伦什么的，这样真的会让00后歌迷寒心的！
