,打分,标题,内容
0,5,请大家注意,我真的搞不懂了，无聊翻翻五星评论时发现五星的都是在骂打一星的。打一星的哪个不是一边骂骂咧咧一边认真听直播记笔记，一星也不是真的不懂事理啊，打五星了不起吗？一星的不过都是开玩笑罢了。再说钉钉确实不是考虑的很周到，卡的要死。上个课来来回回退出又进，但还是很卡，声音有时也会卡住。只能用手机看，用iPad或者电脑就卡到不行。打五星也不过是支持一下钉钉而已。毕竟打一星又要被喷了。
1,5,可以,别问 问就是5星
2,1,真好,学生党们一起来个一星好评吧
3,1,这款软件问题很多,激化家庭矛盾
4,5,加油💪,这个软件很好，看比QQ这个软件可以上网课，所以在一起的时候就用这个来上课，所以这个很好。
5,1,，,特别好用，声音也特别响亮，总是在我每次进入昏睡无法起来继续学习时 叫醒我，必须给予五星好评👍👍
6,1,方便大家了大家，麻烦了你我他,嘻嘻
7,1,拿好,真的，我是看你们求饶视频来的。太可爱了，一星拿好！
8,5,还不错,其实网课是在别的地方上的，虽然也有钉钉答疑吧.....但，想上就上，想不上就不上，网课也是，不上老师也不知道啊😎
9,5,道法自然,佛本是道
10,5,支持一下钉钉,钉钉这个软件也不容易，这个软件设计的很好，很适合办公学习。在停课期间，能让许多想要好好学习的人满足心愿，希望大家不要因为老师用这个软件上课就差评，我们上完课了，那这个软件怎么办？还有希望钉钉能保持这样适合办公学习的的模式，不要变的像一些软件本来是交流的平台却变得乱糟糟的，谢谢，再支持一下钉钉和钉钉的工作人员，加油！
11,5,阿里巴巴捐了10个亿，而你只会乱打分,钉钉作为一款办公软件，企业上下班打卡也很智能，生日祝福也经常有收到，不管出于哪方面都觉得钉钉很好用，更何况钉钉是因为各方面都优秀才被广泛应用，不知道大家出于什么心理故意拉低评分，希望不要再诋毁钉钉了，学计算机出身的自己深有感触开发一款软件需要多久，维持一个软件正常使用需要多久，阿里巴巴在疫情当前捐了10个亿，就冲这个我们也不要再去诋毁钉钉诋毁阿里巴巴了
12,1,沙壁,沙壁
13,1,爱死你了😘！！这么哒！！！！！,爱死你了😘！！这么哒！！！！！
14,5,少侠们五星好评,作为一名老师，虽然不想洗头但是软件没有错
15,1,原因就不多说了，懂自懂,懂的懂
16,5,强大的统计功能,不可否认，是个好的办公软件，而对于学习，也是很好的统计app
17,1,离职后，所有原来的东西都没了,打卡记录、群聊。全清了。不让人继续用没问题，但是以前的使用记录很有用。如果有纠纷，什么都没留下。
18,1,钉钉，孩子们的天堂,钉钉，我TM谢谢你
19,5,钉钉加油,钉钉加油，这并不是你的错，只能说你设计的太优秀，五星给你，不分期的
20,1,不是我h你，钉钉,钉钉，你有些设计毫无隐私，超级奇葩。把我们本来很好的公司氛围弄得非常尬！周六早上还得打卡！什么傻缺软件，我谢谢你！
21,1,🦇钉钉,上课了臭弟弟
22,1,太好了,你真的太好了，让我忍不住点了一星
23,5,五星自来水,太可怜了钉
24,5,小钉加油！,也太不容易了，给小钉打个满分吧！
25,5,钉虹,诺 我给你下个钉钉。让你从年头学到年尾   你是学渣中的扛把子嘛
26,1,。,感谢丁丁治好了我的失眠
27,5,其实挺好用的。。。,别喷了
28,5,好,好
29,1,good appreciation,"这app太好用了！！！
五星分期付款！！🌝🌝🌝"
30,1,服,被迫下载
31,5,1,111
32,1,滚,期待的一星来了
33,1,喜欢钉钉的可以全靠自觉,没了钉钉你们的竞争更小，何必难为别人
34,1,你钉起来真好听，像放午夜凶灵。,五星好评分期付款。
35,5,我爱钉钉,作为一个学生 我简直爱死钉钉了 五星五星
36,5,不知道为啥，网也挺好，就是老卡顿,挺好的，就是老卡
37,1,赞,确实很好用，我就想知道0.5分怎么打？
38,5,真好,真好
39,1,垃圾,垃圾快下架
40,5,来了老弟,支援已就位
41,1,学生党的评论,钉钉app在我们延期开学的时候，让我们和老师见面。我们觉得非常好。╭( ′• o •′ )╭☞警察薯薯！就是这个app！
42,1,找水军了？,分期五星的第一天
43,1,好棒啊这个软件,必须五星好评 分期付评 一天一星 不用谢
44,1,我真是爱死了钉钉！,我太爱学习了！！
45,1,呵呵哒,钉钉太好用了🙃
46,1,垃圾软件，恶心,垃圾软件，恶心
47,5,满分,rt
48,1,垃圾,垃圾软件！本人上班族，疫情之下并没有放假，天天起早贪黑。这也正常。突然惊天噩耗，在繁重的工作之余，开始了学习培训之路，从此再也不分昼夜，上夜班，回来还要学习培训。睡觉时间都不够。你被国家选中是你的命，可是谁又来给我一条生路！我认命！希望你也是！早日倒闭！再也不见！
49,5,学生党，辛某,谢谢
50,1,我真是爱死了钉钉！,我太爱学习了！！
51,1,呵呵哒,钉钉太好用了🙃
52,1,垃圾软件，恶心,垃圾软件，恶心
53,5,满分,rt
54,1,垃圾,垃圾软件！本人上班族，疫情之下并没有放假，天天起早贪黑。这也正常。突然惊天噩耗，在繁重的工作之余，开始了学习培训之路，从此再也不分昼夜，上夜班，回来还要学习培训。睡觉时间都不够。你被国家选中是你的命，可是谁又来给我一条生路！我认命！希望你也是！早日倒闭！再也不见！
55,5,学生党，辛某,谢谢
56,1,钉钉真好用,怎么感觉评分较前几天上来了点呢，害得我赶紧过来给个六星好评
57,5,死忠粉来评价啦,听说学生们都五星分期，那是因为他们都不成熟，一个成熟的钉钉不要跟他们计较。/手动摸头
58,1,真是个好软件,软件界面非常友好，一点也不觉得难懂。
59,5,心疼孩子😹😹😹,在B站看见官方视频，太心疼了😹，而且软件开发的不错👍，五星鼓励一下。
60,1,看了你们的视屏,"我决定还是给个一星
没有为啥"
61,5,让小学生不能得逞,好好学习天天向上
62,5,还是可以的,就是卡卡卡卡卡卡卡卡卡卡卡卡卡卡
63,1,太tm棒了,每日打卡逃不掉真的tm棒
64,1,．,唉！今天味口不好。差评
65,5,致钉钉,本人也是一个学生党，说实话，我讨厌死这个软件了。我给五星是因为我特别鄙视那群给一星的人，因为这次疫情的爆发，学校推迟上课，也是不得不才使用这个软件。我们班上的群都在喷钉钉，可我今天打开这个软件的评分时，我才发现，有那么多人支持钉钉！别人做个办公软件也不容易，某些人却因为个人或是同伴的煽风点火而喷钉钉。再说，我认为钉钉是个非常不错的办公软件，我妹妹两年都是用这个软件打卡。在此，我只希望学生党们不要再喷了，这样做是非常不尊重别人的心血的！五星好评！
66,1,感谢你了！你知道我宠你嘛？！,谢谢你了我可真的 我寒假作业都没写完 天天又有新的作业啦 早早起床打卡 爱你么么哒呢
67,5,加油奥利给,克服恐怖的最好办法就是面对恐惧
68,3,钉钉,上完一结课要休息会儿在上下一节课，否则会很累。
69,1,快乐一天,快乐的一天从七点半的签到打卡结束
70,1,我爱钉钉～,"不读书的学渣 自己不读书还怨这怨那的 
喜欢钉钉这个软件 支持！
5星不足以表达我的喜爱 给6星！
这个是多出来的 丁丁加油！！！"
71,5,！,钉钉挺好的 好就好在我们学校不用
72,1,😒,实在不喜欢
73,1,毁我假期,请把这个视频会议取消，谢谢🙏，在家呆着还要视频搞体能，我心态崩了
74,1,丁丁真是个好软件,丁丁这个软件真不错哈哈哈哈哈哈哈
75,1,喜欢钉钉,太喜欢钉钉了所以我决定给一个一星好评
76,5,无,太可怜了，给个五星
77,1,新年快乐,新年快乐
78,1,我非常非常喜欢的应用！,这款软件也太好用了吧！用它！真的特别特别照顾我们学生党！根本都没有人强迫我们下！太好用了！我太感谢了！！！
79,5,声援,如果仅仅是为了不想上课而给一星，那只能说明这学生成绩……如果是炒作，也请不要借疫情之名炒作。
80,1,太赞了,感谢钉钉
81,5,钉钉棒,钉钉加油
82,5,这软件太好用了,真好用真棒，看着你们一星⭐每天过着充实的一天，倍感欢喜！
83,5,Apple store第一次评分5星,"从来不会给软件评分
唯独提交一次钉钉
五星不分期，好评一次清"
84,1,狗东西,"拉几
fouk
垃圾来几"
85,5,叮叮牛逼,牛逼
86,1,钉钉钉,dingdingdingdingdingdingdingdingdingding
87,1,垃圾钉钉,垃圾钉钉
88,1,我最爱的软件（日记）,我们不用去学校也能学习，每天早上起床坐在电脑桌前，认认真真的学习。奥利给兄弟们，干了。学习届里我老八，今天上个联网课，美滋滋，数学，语文，英语。必须的老铁。
89,5,很好,很好
90,1,感谢钉钉,"谢谢钉钉让我在本不富裕的寒假雪上加霜,谢谢您让我重拾了上学的快乐"
91,5,单位一直用钉钉，感觉很方便软件也很稳定,单位一直用钉钉，感觉很方便软件用起来也很稳定，因为特殊时期不便出门，钉钉支持了网络授课，结果被学生们撒气刷一星，真是哭笑不得啊，
92,5,很不错,挺好
93,1,666,"不仅学子们感谢钉钉，我们也感谢，太及时了；
都说当你感到悲哀和痛苦时,最好是去学些什么东西，学习会是你永远立于不败之地,唯有钉钉，让我们充实！"
94,1,看大家都给你打一颗星,"我也来参与一下，哈哈哈哈
每天半夜九十点，我正在王者荣耀的时候，这个软件的声音一听就火大！！！"
95,1,钉钉把你钉在墙上盯着你,保护祖国花朵人人有责
96,1,很好,很好用
97,1,超强监控器,以前是QQ和微信，现在是钉钉。一天都打卡，真的是打卡神器
98,5,！！,给孩子打五星8 ！
99,5,视频赞,作为一名初三学生对软件很满意，治疗了拖延症晚期患者。本来对软件评价没那么重视但看了视频以后真的忍不住来五星了，支持可爱的你们
100,5,钉钉特别高效,感谢钉钉团队 感谢钉钉。工作高效而且又有了健康打卡新功能。等小朋友们长大了就知道工作不容易 哈哈 钉钉已经很担当啦
101,1,流氓软件,流氓软件，没有之一
102,4,正常来讲是想给3星的,隐私权限问题是很严重的，后台随意调动摄像头，我知道这对于管理者来讲或许是个很棒的功能，但是对于更多实用的用户呢？群设置也是如此，在这个软件中，你如果只是一个普通用户，你基本上没有支配这个软件的一切能力，被随意拉入的群组（不会给提示，直接被拉进群）；被肆无忌惮的钉的满天飞，手机还算仁慈，电脑直接炸了。卧槽，劳资编不出来了，求求你给使用者一些基本的隐私和权利吧，MMP，不是谁都和你们老板一样喜欢996 10107的。
103,1,略略略,一星收下，不用谢
104,1,破软件我真谢谢您，要不是您我也不能感受到啥叫死亡我谢谢你，沙壁破软件,垃圾
105,5,五星一次付清,功能完善，用户体良好！
106,1,钉钉,我们不共戴天
107,1,禁止上课,你不配存在 请禁止上课
108,1,听课不停歇,不是我说，钉钉太卡了，不是五星分期付，是你太卡了，建议调整，因为太卡了
109,5,歌好听,五星一次性付清了
110,1,今天太困了，差评,太困了，差评
111,5,好东西,特别好的软件
112,1,差评,差评
113,1,感谢钉钉,感谢钉钉使我我假期变得充实能让我看到我亲爱的老师 感谢开发者 祝开发者全家身体健康
114,1,垃圾软件,什么破玩强行要人打卡，不打还要扣钱。我倒班上了大夜班，白天能让人睡觉不。我TM还要等着打卡
115,5,好评钉钉,我觉得挺流畅的。很方便
116,1,我爱钉钉！,这个软件让我在寒假期间也能快乐的学习，很感谢能让我在疫情期间能够见到我日思夜想的老师和亲爱的同学，也改掉了我睡懒觉的坏习惯，真的非常感谢钉钉，给我的生活带来诺大的帮助！！！
117,1,网课,这个软件成功改变了我的生物钟
118,1,你不开心,今天被老板骂了。用钉钉骂的
119,1,钉钉有很多地方欠缺,我觉得强制摄像头这一点很不人性 请一定改过来谢谢
120,1,钉钉绝对是二十一世纪四大发明之首！,钉钉这个软件真是棒极了！有了它，我上课更加自觉了！妈妈再也不用担心我上课偷偷玩游戏了！五星好评，分期付款！
121,5,加油,其实出现这种情况我们应该反思一下到底哪里出了问题，而不是去怪一个软件
122,5,啦啦啦点啦,棒棒哒棒棒哒
123,1,零星,垃圾软件 祝钉钉早日倒闭🖕🖕🖕🖕🖕🖕🖕
124,1,差评,垃圾软件
125,5,辛苦,工作人员辛苦了
126,1,用的好,铃声好听 给一个巨大的差评！
127,5,批改作业,今天更新了批改作业的方式，但是我觉得并没有带来方便，最主要的原因是写评论或者发语音批改的时候老师不能看学生的作业，当学生错误较多的时候改起来更麻烦了。希望有待改善，如果能够直接红色笔批改就更好了！软件很好，加油！
128,1,很好的一款软件,五期免息
129,1,好,钉钉真好用！！！！！！
130,1,钉钉别让我们失去那个快乐寒假,我们学生党全体打一星把钉钉打下去，钉钉别让我们失去那个快乐寒假
131,1,加油,"加油加油加油加油加油加油加油，早点上五星好评

加油

加油

加油

加油"
132,1,好用,钉钉真是一个好用而且能让学生们努力学习的软件，就是这些功能，让我直接给了一星好评！
133,1,一星好评！,钉钉竟然可以网上考试！！！一星支持！！！！！
134,1,我这,我去了的钉钉害得我三天没吃一顿饭
135,5,委屈你了,我真的觉得这是难为别人，程序员搞到脱发研究出来的成果被这样攻击，挺难受的。希望大家不要再难为钉钉了，特殊时刻都不容易，放一个月的假一点课都不上也未必是好事，希望大家理智评价。尊重每个人的劳动成果。
136,1,？,？
137,4,钉钉,"我爱死钉钉了快！
谢谢你钉钉让我体会到了生命的乐趣😭"
138,5,哦豁～,你移民民工有🈶🈶有时间多的话题材。你是指哪方面工作群的时候去吧唧吧唧吧唧吧唧吧唧吧唧一口一个星期天的时候发货啊姐你是我就知道的时候就好好👌🏻👌🏻👌🏻👌🏻👌🏻您看这样哦了我磨
139,1,太好用了！,感谢钉钉这个软件，实在是太方便了！每天准时提醒，上午下午网课无缝连接，寒假作业超级加倍。爱了爱了❤️❤️❤️
140,1,不好用,老是卡
141,1,我太爱钉钉了,我建议全部到钉钉去学习上课卡死马赛克级别的画质显得格外de楚楚动人而且还有沙化音质，一天下来什么也没听到只有看不完的直播。5星好评分期付
142,1,拒绝上网课,"我不想洗头不想上网课！
（啥时候不上网课了，啥时候给五星～哈哈"
143,1,真好,u1s1，我太爱钉钉这个软件了，我真的是自愿下载的，跟学校一点关系都没有
144,5,钉钉,钉钉很好用，尤其是办公更方便
145,5,一星小学鸡,"长个脑子
不多说"
146,5,。,非常感谢钉钉，说真的，给毕业生留条活路吧
147,5,真的可怜,心疼你这个被选中的孩子（来自好心同学的怜悯🙂）
148,1,太好了,真令我震惊
149,1,盒子啦啦啦,我只是为了来打个一分，感觉软件很萌。
150,1,无题,"钉钉钉钉，我说给你听：
钉钉害死我，叫我怎么活。
八点叫醒我，作业如山多。"
151,5,赞,不错的，这个时候就提现出网络的强大了
152,1,您是个好软件，我谢谢您,真的，想给零星
153,5,方便快捷,用钉钉办公方便快捷
154,1,建议,希望钉钉可以设置一个两小时防未成年人沉迷的健康系统
155,1,I love you,感谢钉钉让我在寒假里还能见到敬爱的老师👨‍🏫😃👍
156,1,五星不分期,看完你的求饶视频后也玩腻了，不闹了。
157,5,钉钉,很好用。大家多多支持
158,5,这是一个很好的软件,钉钉使我们拥有一个更方便快捷的平台，让老师与同学们和家长们可以拥有更深入人心的了解，加油，钉钉可以做到更好
159,5,哈哈哈,哈哈哈哈哈钉钉也是相当惨了
160,1,真好用,五星好评，分期付款，不必多说
161,5,好软件,妙！妙！妙！
162,1,不知名作家刘信达,非常好用哟，钉钉是个好软件，欢迎大家下载，给你一星好评呦！
163,2,钉钉很好但我就是喜欢不起来,emmm……
164,5,其实挺好用的，不知道为什么有那么多一颗星,挺好用的方便，没有其他评论的那么不好用，支持
165,1,这款软件真的很让我失望,本着便捷的初心下载了这个软件，没想到里面种种让我带着失望要把它卸载，但我却不能，它是我整个学校的平台。有时候它会突然垮掉突然让我的手机瓦特，里面的很多项目都需要收钱，我很希望在家里也可以高效的学习，而这款软件却让我这个心愿不能实现，我玩没玩好，学也没学好。我的四级恐怕也因为它过不了，更别说它很大程度上影响了我的心情，让我对生活丧失了信心，因为它，我不再相信这个世界会美好，我更不相信我的四六级可以毫无问题的过。本来我是一名优秀的学生，而现在，它严重的打击了我对学习的渴望与热情，希望这款软件可以更好的完善自己，而不是压榨我们穷苦的学生和可怜的老师。希望世界因你和平。
166,5,钉钉加油！武汉加油！中国加油！,看到一半的人刷一星是真的很痛心，钉钉是个好软件，多少职工用它。一些学生评价一星，我只想问你凭什么给它凭一星？因为它害的你上课了？钉钉本就不是为了你们这些学生开发的，你有啥资格抹黑它？我也是一名学生，我很庆幸有钉钉和腾讯课堂这些直播软件帮助我正常开课，作为大学生的我都感到幸运了，对于那些高三学生来说，更是一剂良药。或许对于一些抹黑的学生来说这只是半分钟的事情，但我想说，等你长大了，等你心智健全了，你就明白学习到底有多重要，你也会明白你现在的行为有多可笑。别说学习没用，“小学生们”你们要知道，中考高考的确会改变人的命运！学习，是你现在唯一能够改变命运的途径。诶，就因为个上网络课，真丢脸。
167,5,解救钉钉来了，这辈子第一条app评价,哈哈哈哈
168,1,垃圾,今天吃饭没吃饱，差评
169,1,给你好评,这个软件太好用了，十分方便。
170,1,不想随便评低分！,"我是一名初一生，这个软件内容丰富完善，不能把上网课的不舒服都发泄到这个无辜的软件！！！上网课是无奈之举！希望各位同学们都理性评分！

武汉加油💪中国加油💪！！！"
171,1,论钉钉到底该打几星,"要不是必须打星我一定一个星也不给你 。
讲道理这软件是真的好（真心话）
可惜的是
我的人品不好（真心话）"
172,1,很多人不敢说,我爱钉钉
173,1,111,1111
174,1,搞笑,说实话我一星都不想给，你们这是纵容那些老师们，协助犯罪
175,1,钉钉害人精苦大仇深真想永久卸载,讨厌的钉钉，害人不浅啊，原来害人工作考勤用钉钉，现在连孩子作业都要每天打卡了，我想全国家长都会讨厌你，恨死，哪天不用打卡了，第一时间永久卸载。
176,5,还好,还好吧
177,5,很好用,五星好评，分期给到，先给一星，怕你骄傲。
178,5,“停课不停学”,棒
179,1,一星永恒。钉钉的评分是自己刷的吧！,很好👍
180,1,好用就完了,好用，给六颗，溢出来了👍👍👍
181,5,好,挺好用的功能很多
182,1,不喜欢钉钉👎,钉钉是无聊中的大王
183,1,我认为钉钉可以用一个机器人来代自己上课，那就可以边玩游戏边学习！我要上热门。,我认为钉钉可以用一个机器人来代自己上课，那就可以边玩游戏边学习！我要上热门。
184,1,懂得都懂,嘻嘻嘻嘻嘻嘻嘻
185,1,感觉主播素质有待提高,钉钉这里面主播感觉不行啊，叫他跳个舞不跳，还问我是哪个班的.
186,1,钉钉真是个好软件,笑脸墙真是个十分趣味功能呀，真棒！！！非常棒！！！
187,1,真好,真好
188,1,呵呵,闪退，不能较好的分屏，有时候还没声音还很卡，还是其他的办公App好用实在，一星撑死了。有时候一不小心退出去，再进来就错过了一些直播内容。那些后来的五星都是刷出来的吧，水军用了吧，真不行啊！
189,1,我对钉钉的想法,我TM真谢谢您嘞！
190,1,钉钉真好😡😡,这个软件实在是太好了，让我在家里都能感受到老师的容颜。钉钉好，钉钉妙，钉钉实在是太棒了。🤬🤬🤬
191,5,挺靠谱的,很好啦
192,1,好软件,好团队，浙江小学生前来助一星之力
193,5,视频很好看,我看了钉钉的最新视频很很喜欢，希望能多出一些视频在新浪微博上
194,5,班会,及时、简洁、明确、负责，赞。
195,5,把分拉上去,给个五星不分期
196,1,。,。
197,1,垃圾,老子寒假都沒了
198,1,👨🏻‍🦳,鬼畜三连，这边分期
199,1,很好,功能很强大，非常好
200,5,钉钉不错,不错的软件，办公考勤高效率，收发文件和消息，包括在线直播都很好，很赞哦！
201,5,学习加油,虽然孩子也是初三，但是我觉得钉钉的制作者并没有错误，大家还是好好学习！
202,5,很好 工作顺利 家庭和谐 哈彼此彼此还,还爱吃菜吧
203,1,好评,五星分期好评
204,1,……,……
205,5,还好,挺全面的
206,1,一星好评奉上,n
207,1,恨你,对你恨不完
208,1,武汉加油💪,钉钉让我感到了前所未有的幸福和快乐！什么时候都能将大家联系在一起！真的太快了！谢谢！打卡的快乐大家值得拥有！
209,1,软件太棒了，让我在假期中都能与老师见面。,"这个软件这么棒，这些恶意刷差评的人，你们不学

我也不想学。"
210,5,有一说一软件是个好软件,如题
211,1,真感谢钉钉让我这个假期过得很充实，有生之年能碰到钉钉这样的好软件真是幸运👍好了，不说那么多了，一星好评！,钉钉真好用，一星好评
212,1,烦钉钉,可恶的钉钉上班按下班看提示声不断，加班无止境
213,1,太棒了，我爱钉钉^_^,"双份作业，可以看见老师迷人的笑容，我是如此的高兴，内心的那种感受无法描述，我太爱钉钉了
。"
214,5,钉钉校园资深用户前来点赞,钉钉自从进入教育领域以来真的一直在不断完善与教学管理相关的功能，我们学校是从19年初全面推进使用的，深受其利~这次线上直播教学其实也不是钉钉提出的呀…教育部有相关要求，钉钉刚好能够满足这个需求而已。不管是老师还是学生、家长都不乐意看直播上网课，但钉钉本身真的很出色~甚至被骂那么惨还依旧在针对在线课堂完善功能~
215,1,为什么会有这种软件存在,万万没想到美好假期败在了一个app手上
216,5,使用评价,虽然之前是挺讨厌钉钉的，很吵，但现在我又不用，所以当然要五星好评啦 つ😘つ
217,5,我毕业了 给个五星 学生们加油哦,舒服了
218,5,👍👍👍,讲道理挺好用的，我们钉不容易
219,5,五星差评,闲来无事来刷一波五星差评
220,1,你觉得呢,家长当然说好用
221,1,恶臭软件,万恶的资本家！马家app刷分真厉害👍
222,5,很好用,😄
223,5,音阶+小游戏,好极啦
224,1,我是用钉钉的中学生，心情极其复杂,确实和钉钉不共戴天，坑了我一假期啊！但是现在已经开学了，况且人家钉钉自己也发b站求饶了，那......我也不能给五星，对不起我一个假期，就三星吧，最大让步了...
225,1,感谢钉钉,我TM真谢谢你这为我那么贴心
226,1,谢谢你,人在家里坐，钉钉天上来，天天打卡，我打你🐴呢
227,4,不错的软件,我觉得软件本身还是不错的，就是上课的时候有些卡，经常没声音，希望后期可以优化一下
228,5,加油💪🏻,加油，你是最棒的！
229,5,善待钉钉,怎么说呢，被钉钉的求生欲感动了
230,1,五星好评,今天心情不好，5星好评，分期付款🙂
231,5,Ｂ站来的心疼哈哈哈哈哈哈,确实软件本身没有错，被迫上课的大家理智啊hhh（我们用QQ直播
232,5,刷下分,一星的只是开玩笑？我寻思还挺会开啊这玩笑，评分刷成这样让这个软件怎么办，工作人员怎么办？现在这么多人上网课哪个网课软件不卡。玩梗适度。
233,5,恶意的人，你们的良知哪儿去了,本来很好的一款软件，你们自己堕落麻木就算了，还要怪别人，真是幼稚可笑
234,1,五星好评,下次一定
235,5,支持,不错
236,1,吐了,那些说钉钉好用的你们就用吧，网上上课上死你们，还嘴硬说好用，好好听课哦，少说点违心话吧！
237,1,我来分期付款了,分期付款（滑稽
238,1,哈哈哈,这个软件很好，但赞嘛，要分期付款。
239,1,差评,我饿了，差评
240,1,非常差劲,非常差劲
241,1,真好用,真的贼好用，爱辽  爱辽！！！！
242,1,emmm听说一星好评会下架？？？,那就被迫营业了……
243,5,钉钉真的很不错 大家支持一下,"让我们假期变得充实 加油钉钉 五星一次付清
👴👌💩"
244,1,好的软件你值得拥有,加油吧，还是开学好吧
245,1,钉钉用后感,有了钉钉后，我又见到久违的老师和作业了，真是太开心（ě‘xīn）了！谢谢（tù’cáo）钉钉！
246,5,五星好评，一次付清,🌟🌟🌟🌟🌟
247,5,可怜的孩子,听说有人欺负你了、我来为你打抱不平
248,5,好,功能强大、各行业多
249,5,五星,钉钉真的很努力了
250,5,反击,高三学生五星反击
251,1,凸^-^凸,"不要问我为什么一星
因为没有零星"
252,1,听说app在1分时，可以强行下架，不知道真假,听说app在1分时，可以强行下架，不知道真假，我来试试
253,1,B站,从来都不评论的
254,1,我谢谢你们研发人员，你们太辛苦了,我简直无以为报，每天给你们评论向你们致敬，五星分期付款，全天起早贪黑
255,1,真实评价 刷分可耻,刷分可耻
256,5,真不容易,五星一次付清，一直没在意过评分，现在竟然还用对了时机
257,5,为了让你看到,软件其实还可以在众多学习的软件中不算倒数但也不突出，但是清晰度太差。本来就看不清老师稍微快一点就跟不上了，开最高画质总结就一句话：我吐的痰都比最高画质清晰
258,1,艸,我感谢你让我每天看到亲切的老师！
259,1,钉钉是个好的*的**学习平台,自从使用了钉钉，我每天都要很努力的去完成老师们下发的不可能完成的任务，双份作业，家校无缝衔接实在是很贴心啊，我真****这个很好的炸的学习平台，谢谢谢谢，我真的谢****
260,1,垃圾软件,侵犯肖像权，隐私权，没有人身安全，太垃圾了
261,1,我爱钉钉,大家如果想进一步了解钉钉，请到B站。
262,5,第一次点评,给钉钉打个好评，请你大哥淘宝给我清空下购物车，谢谢
263,5,学生不容易啊,非常好
264,1,钉钉,垃圾玩意，了色，没用的狗东西
265,1,感谢钉钉,自从网课开始后，6天我话费就200多了，期间停了俩次机，一星好评，谢谢您嘞
266,5,加油中国，加油钉钉！,加油💪
267,1,我谢谢你啊！！！！！！,钉钉我真是谢谢你了啊！！！！！！你真是太有用了！！！！！你比其他软件都有用多了！！！！！我真是爱死你了！！！！！我没想到你居然还有看观看直播时长这一功能！！！！你真是太厉害了！！！！拜你所赐！！！！我家最近wifi刚好出问题！！！塌掉了一天的直播课！！！！！老师当天晚上就跟我爸妈告状了！！！！听都不听我解释！！！！你真是太厉害了！！！！！我真的是爱死你了！！！！！！！！
268,1,天降正义,五星好评，分期付款。感谢淘宝，赠我灵感。🤞🏻—》✌🏻
269,1,从未见过如此厚颜无耻之软件,因为这个软件要认学生党上网课，所以给差评！哈哈哈哈哈哈哈哈哈哈哈哈哈哈哈哈哈哈哈哈哈哈哈哈哈哈哈哈哈哈哈哈哈哈哈哈哈哈哈哈哈哈哈哈哈哈哈哈哈哈哈哈哈哈哈哈哈哈哈哈哈哈哈哈哈哈哈哈哈哈哈哈哈哈哈哈哈哈哈哈哈哈哈哈哈哈哈哈哈哈哈哈哈哈哈哈哈哈哈哈哈哈哈哈哈哈哈哈哈哈哈哈哈哈哈哈哈哈哈哈哈哈哈哈哈哈哈哈哈哈哈哈哈哈哈哈哈哈哈哈哈哈哈哈哈哈哈哈哈哈哈哈哈哈哈哈哈哈哈哈哈哈哈哈哈哈哈哈哈哈哈哈哈哈哈哈哈哈哈哈哈哈😂😂😂😂😂😂😂😂😂😂😂😂😂😂😂😂😂😂😂😂😂😂😂😂😂😂😂😂😂😂😂😂😂😂😂😂😂😂😂😂😂😂😂😂😂😂😂😂😂😂😂😂😂😂😂😂😂😂😂😂😂😂😂😂😂😂😂😂😂😂😂😂😂😂😂😂😂😂😂😂😂😂😂😂！！我也深受其害！
270,5,好用,非常好的一个软件，不出门再家学知识.知识改变命运。
271,4,评价,还不错
272,1,Wdnmd,我⭐你⭐b的钉钉
273,1,差评,1
274,1,耗电严重,耗电严重，评分过低
275,5,点赞,功能强大，太先进了
276,1,钉钉你真NB！！！我上课1小时19分钟你TM只记录我看了50分钟害我被老师批评！！！！！LJ软件,Lj
277,1,不开心,不为什么
278,1,小丸子…………,我tm谢谢你了
279,5,成长记,孩子每天朗读可以增强孩子的学习语言表达能力
280,5,珍惜现在的学习吧，以后出去了连学习的机会都没有了,加油
281,1,真好呀！！！,五星好评，分五百年五期付款，本世纪的一星已付清
282,5,路人学生,高三狗，虽然下了钉钉但是班上都用的微信（我也不知道为什么），单纯是路人觉得这些软件挺可怜的，本来也不是为了学习设计的但是承受了学生的怒火，帮忙拉回一下评分吧
283,1,分期付款五星,分期五星😊
284,1,作为一个小学生,作为一个小学生，我非常开心。钉钉让我见到了许久不见的作业。五星好评，分期付款。
285,5,顶钉钉,好软件，钉钉钉，顶顶顶
286,5,建议,经常闪退
287,5,我用我骄傲,我用我骄傲
288,1,分期付款,五星哦，分期付
289,1,差评（请记录好同学上课直播时间！！！）,也太过分了吧！上课明明听完了整堂课！最后老师看直播时间表说我只看了十秒！害我白白被说教了一顿
290,5,嘀嘀嘀嘀嘀,这啥直播软件啊 我让主播跳舞他问我那个班的 🧐🧐🧐这不答非所问么 不说了 我妈让我过去一下
291,1,我tm谢谢你,大家一定要五星好评，按五次评哦！
292,5,很棒,在这个特殊的日子，给大家带来了方便，加油
293,1,嗯,好的☆☆☆☆☆👈🏻
294,1,神仙软件,爱了！爱了！
295,1,我就一星好评啦啦啦好嗨哦,哈哈哈
296,1,钉钉真好用,"分期付款《你钉起来真好听》
想在冬天钻被窝
想要熬夜看小说
不料网课作业多
有苦没法说
延迟假期可不少
每日打卡逃不掉
老是看学生列表
就我在傻笑

你钉起来真好听 特别像午夜凶铃
像我专心学习 大妈在广场 放凤凰传奇
你钉起来真好听 像指甲抠墙壁
像我步行 遇到搅拌机 溅我一脸泥
你钉起来真好听 像满清十大酷刑
而我像白居易 要远征维京 秀才遇到兵
你钉起来真好听 像唐僧在念经
像首老歌 把我埋在 遗失的水域
你钉起来真好听 像玩死歌没CD
想我要看电影 抬头一行字 导演郭敬明
你钉起来真好听 像半夜看闪灵
整个世界 有你的鼓励 都关闭手机

建议大家都给个五星
分五次还清"
297,1,主播不给力,听说新的直播软件，结果让主播跳个舞都不跳，还问我是哪个班的
298,1,今天不开心,今天不开心
299,5,你要努力啊,你考上了名校会感谢它的
300,1,开心哦,我们的假期更充实了 开心😁五星好评分期付
301,1,太贴心,。。。
302,1,感谢蝙蝠🦇,给一星，分期付款
303,5,本来就不错。,不错嘛
304,1,虽然真的不错 但作业真的多.......,我想给五星 但想分期付星
305,5,挺好的呀,好好好
306,1,戴口罩也无法打卡,强制人脸识别有点流氓
307,5,不忍心让祖国的花朵没书读，给个五星好评,不忍心让祖国的花朵没书读，给个五星好评
308,5,特别好的一款软件,真的很不错，
309,5,方便,很方便，企业职工福利
310,5,钉钉好惨,哈哈哈哈哈哈哈哈哈哈哈哈哈哈哈哈哈哈哈好惨一app
311,1,好软件,真是太好用了 每天都接受知识的洗礼 看到老师可爱亲切的脸 让我在家都能学到知识 爱了爱了
312,1,钉n🐎,给👴🏻滚
313,1,很好用,五星好评分期付款
314,5,路过  就凭你叫的那声爸爸也要帮你,钉钉好惨  哈哈哈哈哈哈哈  忍不住来帮他一把
315,1,艹,害我线上培训十几天
316,1,钉钉是个什么神仙软件啊❤️❤️❤️,钉钉不但丰富了我们的生活，还丰富了我们的作业量，太爱伟大的钉钉了❤️❤️❤️❤️❤️分期付款五天鸭
317,5,感受,很方便，很实用
318,5,钉钉挺好的,一直都觉得钉钉挺好的，没有钉钉我可能下个学期就会变成啥都不知道的高三学生吧，嗯，谢谢钉钉吧🤔
319,5,钉钉,虽然，在家上课吧，通过钉钉也还行！网上上课，尽把钉钉给拉了拉，评分直接下来了，希望越来越好吧！
320,1,这是如此简单的快乐,这点程度是难不倒钉钉的，什么是男人的快乐啊😃不就是这样创造出来的简单乐趣吗，为什么会有人认为评论就一定是一个客观评价，你是所有人的化身？你代表着全人类？这个软件是很出色啊，这个打一星有什么关系，一星对大部分人来说是枯燥中的快乐
321,1,钉钉,看了你们视频来的 给个一星么么哒
322,1,一点也不好用。,谢谢你给了我一个快乐的寒假
323,5,分期五星只是玩笑话,如此特殊时刻，钉钉能够为广大学生和教师提供这么好的一个平台是一个值得人赞美的举动，回报不应该是我们说是玩笑话却真的来评一分的可笑举动。客观评分，不要带入个人的主观情绪，是最起码的礼貌。程序员不易，软件开发不易，请中肯评价。感谢钉钉，高三学生感谢这个平台！
324,1,每日一打卡，加油💪,每日一打卡，加油💪
325,5,我来拯救你了！,钉钉加油啊！
326,1,作业它爹,为什么没有负星...
327,5,1,可怜五岁的孩子
328,1,钉钉是个好东西，所以我分5次给,一次
329,5,好,很好的软件，推荐
330,5,五星好评6666666,66666阿根廷最后一个进球
331,1,五星,很好的软件，五星，分期支付
332,5,听人歌办人事,"u1s1，这软件是设计来上网课的吗？不是吧。
啥事都怪软件，情绪瞎放，家里人没告诉自己的问题自己解决嘛？刷1星的小朋友自己想想，这会儿是不是都开学了，既然开学了还能在家呆着，还能有空闲多睡会了，还贪心想啥都不干，是不是太过了？"
333,1,关于摄像头的问题,垃圾app，垃圾中的垃圾，要不是那只蝙蝠，我根本不会下载这么垃圾的app
334,5,不错,挺好，孩子上网课
335,1,钉钉可真是个神仙软件,无美颜无滤镜照亮你的美啊！自从有了钉钉之后，我的生活真的很“充实”，每天也养成了早睡早起的“好习惯”，每天都能听见老师的声音，看到老师慈祥的脸，我顿时“心安”了！假期虽然加长了，但是作业翻倍了。我可不是被老师逼着下载的，我超“爱”学习和钉钉的！我会携全家人给钉钉五星好评的，不过是分期的喔！
336,1,钉钉软件一般,工作很方便，但是添加了上课差评
337,5,这软件太好了，本来还担心疫情期间孩子的学习问题，现在都不用担心啦！！！！！！！,这软件太好了，本来还担心疫情期间孩子的学习问题，现在都不用担心啦！！！！！！！
338,1,一星好评,在此我不得不给出好评，贵软件使我本来了无生趣百无聊赖的假期生活变得充实而又快乐，于自我荒废之时拯救了我，让我体会到了学习的美妙，同时使我多年以来网上学习的梦想成为了现实，感谢钉钉
339,5,环保,good
340,1,我本来是要给5星的，只是要分五次慢慢给。日子是慢慢过的，大家都别急……,我本来是要给5星的，只是要分五次慢慢给。日子是慢慢过的，大家都别急……
341,1,钉钉,你太好了，所有我要一星一个的对你
342,1,不好用,非常不好用
343,1,.,看在马云小可爱的份上给你一🌟
344,5,软件真的挺好用。,作为一个大学生，如今也被网课支配，但是我不得不承认这个软件做的真的挺强的。比我用的其他几个网课app好太多了，看网上好多人给钉钉一⭐，我实在看不下去了。决定为钉钉正名！加油钉钉！
345,5,钉钉求饶,看了你求饶的视频，我来了给你五星好评了😂
346,1,真好,不错 停课不停学 一星好评！！！！🙃
347,5,很好用,超好用的产品，五星好评，分期付清！
348,5,钉钉真棒！,现在上网课全靠钉钉了，多亏了它，我才能在家认真学习。
349,5,5星,看你可怜，5颗星就不分期付款了
350,5,非常好用,让我有了学习快乐（五毛一条）
351,1,分期一星,我不是学生党，这个APP真好，休班在家也能办公，懒觉都睡不成，必须好评，先分期吧，不知道服务如何。
352,5,沟通无障碍,非常适合现阶段的沟通
353,1,呵呵,奥力给
354,1,投诉,"我们上课上了几分钟都能调出来，这什么软件
其他的都挺好"
355,5,🌟🌟🌟🌟🌟,"？真的没必要
做个软件不容易"
356,1,特别好,感觉时刻被监视 差不多得了
357,5,难,才七点。弄了句 晚上好，请注意休息。请问，我休息的下去嘛托我朋友之邀来给你评论了
358,5,扒拉扒拉balabala小魔仙,挺好的
359,1,我太谢谢你了！,这是给人用的吗？我真的**谢谢你开发出这么**的软件
360,5,非常好👍,反正我们上课不用我弟弟要用为了不让钉钉下架必须五星好评
361,1,不能出门 差评,差评
362,1,..,我给你五星 只不过是分成五次给🙄🙄🙄🙄🙄🙄
363,1,那几我就是不爽,不爽h
364,5,好吧,看在你的歌的面子上，放过你了🌚
365,5,实力,心疼你，但是还是忍不住想笑，打个五分安慰一下这个五岁的孩子
366,1,我明明提交了，你却没显示？,害我被老师骂，你活该1星
367,5,我寻思您不愿意学可以不学,没必要来这拿软件撒气吧？这就是当代孩子？以后即将接管整个中国的孩子？单反有一点点同理心和智商也不至于做出这种恶臭的事情吧？不想学可以不学，退学之后没人逼你学习，最开始想到这个办法的人不是傻子而是缺德，盲目跟风的那群人才是蠢到骨子里
368,1,哈哈哈哈,别问我为什么给你一🌟好嘛宝贝问就是爱情了💑……12345678912345678899885556
369,1,资本家的急先锋,有着把工作和揉碎了捏在一起的本领！资本家的镣铐、黑心老板的捆绳。这应用化作一个索套，套在千万老公的脖子上，越挣扎越紧，勒的缓不过来气。翻看宪法，我们还是社会主义国家，那么怎么会有这种榨干骨血的应用？
370,1,感觉棒棒棒哒,感觉棒棒棒哒
371,1,分期付款来了,为什么其他网课软件没有被打一分，就钉钉成为众矢之的？其中原因自己心里不清楚吗，装什么无辜莫名其妙
372,5,希望工作都在钉钉而不是微信,希望工作都在钉钉而不是微信
373,1,出bug？,群里开了消息免打扰一直推送消息？！！？
374,5,加油钉钉,太好用了
375,1,钉*,但是丁丁让我们学习。＂感谢＂钉钉
376,5,我觉得还行啊,我虽然也不想上课，但是早晚都要上不是吗，何必呢刷一星，你刷一个软件老师还能给你再找一个😂，这样也没什么用，不过钉钉你直播有时候有点卡（理解理解）
377,5,钉钉要坚强啊！！,钉钉来求放过了……😂😂😂本来不想打分的，来刷个五星鼓励一下，加油啊！！！钉钉！！！你们不应止步于网课学习啊！！！唉:-(
378,1,666,这么好的软件，给6分，溢出来一分
379,1,真好,必须滴！一星好评！！！太麻烦了！气死我吧！
380,1,哈哈哈哈,哈哈哈哈哈
381,5,钉钉真的很好，请大家理性评分！！！,网课只不过是钉钉的一部分，请大家不要因为厌恶网课而厌恶钉钉。现在大家应该痛恨的是吃野生动物以及卖野生动物的恶人！！疫情还在不断蔓延，希望大家照顾好自己，出门戴口罩！中国加油！武汉加油！浙江加油！
382,1,钉钉厉害,不说什么了，大家都懂
383,5,钉钉温暖你的寒假,不行了钉钉花式求饶太好笑了虽然我是高一但我们只要看网络直播做笔记就好了所以特地前来下载给个五星，说实话刚才突然钉了一下是真的可怕哈哈啊哈哈哈哈哈哈哈哈哈哈哈哈哈哈哈哈哈哈
384,5,。,看在某些人的面子上，给你打五星。👍🏻
385,1,🤢,好评！ 五颗星分期付款
386,1,真棒,谢谢，我由衷的感谢钉钉给了我个充实的假期，我永远不会忘记！
387,1,垃圾软件,垃圾软件
388,1,一星原因,互动交流效果差，直播的话可以更好，使用不太方便，钉钉项目可以多一点吸引兴趣
389,1,憨憨鲸鱼被打,这个软件使我的学习更加轻松了
390,1,钉钉在ipad上的bug太多，兼容性很差,"国内高校在读大学生，绝不是无脑一星
1 支付宝快捷登录后界面卡住
2 图标显示不全
作为阿里的产品还这么多bug，远低于期望值，因此打一星"
391,5,钉宝,给钉宝打call！钉宝加油！
392,1,解放小朋友,其实这个软件还真不适合用来上课。
393,1,很烦！幼儿园都要喊用钉钉,上班的要钉钉打卡还可以理解，三岁小朋友上个幼儿园，天天在家，还要下载钉钉，搞东搞西，烦死人！
394,5,很好很好,这个钉钉真的很不错哦！
395,1,满分好评,钉钉主播质量不行啊 让她跳个舞她都不跳 还问我那个班的
396,5,钉钉真的挺好的督促我完成作业,加油
397,1,给钉钉一些建议,我建议钉钉先暂时限制一下直播和打卡功能，减轻孩子的负担，孩子们高兴了五星就有可能回来了
398,5,软件是个好软件，主播不是好主播,什么软件，里面的主播让跳个舞都不跳，还一直问我几班的😒😒
399,5,。。。。。,。。。。。。。。
400,5,钉钉没有错！！,钉钉是很好的软件，因为不想上学把情绪发泄在无辜的人身上是最幼稚的！！钉钉加油！！
401,1,五星好评，分期付款,钉钉求饶？不好意思，现在的少侠都不吃这套🌝
402,1,垃圾,垃圾钉钉 毁我青春浪费我时间 学生们玩不转也就算了 我们工作上报为什么也要用钉钉 弄了一个下午都弄不好 一点也不人性化 太复杂太乱了 头都大了
403,1,中国加油,不要道德绑架吧，各有各自的想法，直播上课确实不太好
404,5,强力推荐,系统专业，运行稳定，功能强大，还免费，强力推荐。
405,1,钉钉很好用喔,是真的好用，一星好评
406,1,自由的钉钉。,"我非常高兴能够有这么一个软件, 使我十分
快乐，他让我提前结束了寒假生活。我自愿下载这个软件的。自愿提前结束寒假生活。使我十分快乐。谢谢你。"
407,1,呵呵呵,如此美好的假期就从钉钉开始
408,1,真的垃圾,lj
409,1,不错app哦,真好
410,5,在线课堂,非常喜欢这个软件
411,5,太不容易了,钉钉实惨
412,1,垃圾软件，毁我青春,太好用了，太爱钉钉了，让我的假期充满痛苦
413,5,来参观一星评论,挺壮观的
414,5,武汉加油，钉钉程序员辛苦了,加油加油
415,1,(ꏿ᷄દꏿ᷅` ;)干啥啥不行,卡死了， logo像🦇🦇🦇🦇🦇🦇🦇🦇🦇🦇🦇🦇🦇🦇🦇🦇🦇🦇🦇🦇🦇🦇🦇🦇🦇🦇🦇🦇🦇🦇🦇🦇🦇🦇🦇🦇🦇🦇🦇🦇🦇🦇🦇🦇🦇🦇🦇🦇🦇🦇🦇🦇🦇🦇🦇🦇🦇🦇🦇🦇🦇🦇🦇🦇🦇🦇🦇🦇🦇🦇🦇🦇🦇🦇🦇🦇🦇🦇🦇🦇🦇🦇🦇🦇🦇🦇🦇🦇🦇🦇🦇🦇🦇🦇🦇🦇🦇🦇🦇🦇🦇🦇
416,5,加油钉,歌唱的给5星
417,1,任性，就给一星。,任性，就给一星。
418,1,就这软件刷五星？,别刷分了朋友们
419,5,评价,钉钉为孩子们提供了学习的平台，感谢！
420,1,钉钉真的是个很好的软件,你一星我一星，钉钉明天就不行
421,1,这个软件真好用,6星好评😊
422,1,真香,太好用了，就是主播不跳舞，还问我哪个班的
423,1,为难学生党,让这个假期没了假期的感觉
424,1,恶心的软件,恶心恶心恶心恶心恶心
425,1,垃圾软件,钉钉一个以老板为核心的软件，适合控制欲强的boss
426,1,？,我吐了
427,5,别下架！,笑死我了啊
428,1,太好用了,实在是太好用了，电脑版直播甚至不给调音量。太棒了，这是我第一次见到在app srore有这么多真人评价这软件太好了吧
429,5,钉钉挺好的,不能怪钉钉，要怪老师！心疼钉钉
430,5,超棒的钉钉！,虽然有很多同学不喜欢上课 不喜欢早起不喜欢让假期消失 但这也不能怪钉钉这个软件啊 试想你们要是现在如期开学了 结果还不是一样？ 那些乱入主观感情的激情分子们，收一收自己的不满，问题不在钉钉上！说真的钉钉超棒！
431,1,跟风,无关钉钉事，但吐槽为什么举办个活动整的那么小气
432,1,我爱钉钉！,钉钉太好用了。我爱打卡爱学习！五星好评！一定分期付清！
433,5,学渣受死,一群毫无上进心毫无斗志的垃圾学渣再肆无忌惮得摧毁别人的心血
434,1,🙃,终于对我下手了🙃
435,1,这个软件真的👌。,没有一点隐私权，好。
436,5,15级毕业生,15级毕业生发来贺报
437,1,使用复杂，乱七八糟的，,不好用，刚开始注册非得问老子哪个公司的，我他们一个学生你非让老子填职业与公司才能进去，填你吗，就不能先进去再填个人信息？
438,1,这几天眼睛都模糊不清了,视频培训起来没日没夜，脑子懵了，眼睛也看不清了
439,5,bjyxszd,不容易 太惨了
440,1,好用,软件很好用
441,1,lj钉钉,这个软件很好，本来假期延长我非常难过，见不到老师，但是钉钉给了我希望，让我的假期非常充实，作业加倍八点上课晚上九点结束，真是太开心了，给你一星好评！
442,1,不行,不行
443,1,钉钉,"很好，就是作业太多了，
哈哈，你们懂的"
444,1,爱了,我爱丁丁
445,1,我受夠了釘釘的迫害,"此生無悔入釘釘，分期付款給五星。

★☆☆☆☆
★☆☆☆☆
★☆☆☆☆
★☆☆☆☆
★☆☆☆☆"
446,1,谢谢您,您辛苦了最近手头紧蚂蚁花呗还没还五星就分期付啦谢谢您让我的假期如此充实我爱您
447,1,我爱钉钉 爆粗口的爱,为什么要发明这个玩意！
448,1,感谢钉钉带来的作业,今天心情不好，一星差评
449,1,烂透了,本来我们也不是办公室工作，要求下载这个东西，难道微信不能说话不能分享文件吗………
450,1,棒极了,这个软件太好用了！
451,5,好软件,软件真的挺好的 好就好在我不用上网课
452,5,抱歉钉钉,我是一个初二的学生，在当时特愤怒，好好的假期还要上课，但后来想想不是钉钉的错（为那句爸爸而来）
453,1,丁丁,垃圾
454,1,不谢，一星好评，建议停用,向一星进发
455,1,怎么不能给0星？,垃圾软件
456,5,Nb,随时都可以上课
457,1,良心软件,自从有了钉钉每天过的好充实
458,1,支持钉钉,钉钉这个软件真的太好用了我给五星！剩下的四星分期给
459,5,新收的孩子应该意思意思,既然都当了爸爸了，就给个五星吧
460,1,优秀的软件,"为了表达这个软件优秀 我觉得5个星不够
所以我决定给他500个星 每次给一个 这样我还能评论499次 为太机智了"
461,1,真是个好软件,五星好评，分期付款
462,5,看完B站来的,"其实软件本身并不差，钉钉本身也没有错，有错的是一些过于功利和过于形式化的教育思想以及恶意跟风差评的人

求饶视频不错，㐃五星一次到帐"
463,5,很棒,别乱黑差评了
464,1,一星好评,真的很优秀
465,1,钉钉是我最爱的软件,钉钉最棒 姐永远支持你！！！！！
466,1,不好用，看不懂,不好用，差评
467,5,真心喜欢,太喜欢这个app了 作业翻倍 课程不停
468,1,分期付款,五星分期付款哦加油
469,1,分期第二期,"2.19星期三天气晴
今天也是学习的一天 星不够多"
470,1,好家伙,这个叫钉钉的软件 是个好东西啊 让我悠闲地幸福生活充实起来！
471,1,钉钉这个软件太好了吧,我靠 自从上了网课 我感觉我已经领悟到了生命的可贵 必须得给这软件 来一个大大的六星 这多出来的一颗心当我送你
472,5,小学生们颤抖吧,这个软件真好用让假期减少了许多小朋友
473,5,钉钉也不容易,我实话：歌挺好听的
474,5,还好吧,不能因为一个网课就给人家差评，这是一种网络暴力，归根结底也只是找不到别的发泄手段而已
475,5,我是友军,刷字数刚刚放寒假经济环境和健康和疾病把v和工程规划v没看见部分地方的感觉很好的谷底军事基地后悔不迭就死死进行面对面就肆无忌惮决定每年都会对思考的计算机考试快结束的话表达你对思考技术协会设计系私信哦哦送PSP四十几岁女孩都很难喜欢好多好多话和一位马毛嬉皮笑脸想开下门制霉菌素7我会接受坚决维护好喜欢丹江口市好好对看下那些不锈钢材与时俱进是你的活动倒计时科技兴农能杀死细菌我难过的不行你随时可能的话的意思私交甚笃弟弟我就会带给翻译口iu科技股份计算机化小孩都会对不可无私心事不关己就都好想你上课的韩国从古到今金色年华都洗洗就睡你的活动和此刻都是假的哦哦我看见某些嫁鸡随鸡绝对堪称脑出血昆明新年惊喜哦送惊喜呢还是经济区
476,1,垃圾,一天到晚随时钉的轰炸，没打卡也不提醒，该提醒不提醒，不该提醒有事没事给你来声钉？？！！
477,5,中国加油武汉加油白衣天使加油(ง •̀o•́)ง,钉钉很不错，刷分
478,1,分期付款,五星好评分期付款
479,1,好,钉钉真是一个好软件
480,1,丁丁🐂🍺,这个钉钉用的我不行了
481,5,好,好桻
482,1,钉钉太好用了,我想给你5星，但我喜欢分期付款
483,5,1,低于1星下架了就，小学生就能玩游戏了，钉钉加油💪
484,1,Good,Very good
485,1,没得商量,就凭一份恨
486,1,钉钉真好,钉钉让我们美好的假期变得更“充实”了
487,1,呵呵,心情不好一颗星
488,1,钉钉太＂好＂了,因为太好了，所以
489,1,不知道存在的价值是什么？不好用！,功能太多，复杂，我们用的时候很少，像企业用的话，一个月也就看安心个工资条而已！现在也不用了！麻烦。说真的，不如微信！
490,1,钉钉很好,你很好。只是我配不上你。
491,1,1,儿子 送你5课星吧 分5次得
492,5,我爱钉钉,钉钉挺好的，钉钉挺好用的，真的是，垃圾小学生乱评论，鸡你太美。
493,1,呵呵,真的我天，钉钉你们的铃声真是我的恶梦，停课不停学还带加作业，这铃声一响就恼火的要死，没在家憋疯被逼疯，你们这个软件对我们祖国的花朵的发展真是太棒了。。。
494,5,喜欢钉钉,绿色创业软件
495,1,这个软件太棒了👍🏻,这个软件太棒了激化家庭矛盾因为太棒了所以要求下架 给个一星支持支持👍🏻
496,1,嘿嘿,嘿嘿 嘿嘿 嘿嘿嘿
497,5,恶意评分没意思,大家都挺辛苦的 老师也不愿意上课 你搞人软件干什么
498,1,一星好评,祸害学生的软件
499,5,希望理性评分,本人是一名初三学生，即将迎来中考，本来应该在最后一学期迎来冲刺，但是疫情打断了我的学习进程，我们急需要为中考奋斗，虽然这次打断了上课，但寒假时间没有缩水，我们也是时候开始奋斗了，而且软件本身还是很好用，还是一句话，想学的认真学，不想学的就离开，这里不需要你来发泄。
